# {'coeffs': [0.7185554, 0.00012052, 488.16, 0.0], 'full_name': 'BLUE-Wave NIR-200 #21121319     ', 'x_trigger': True, 'int_time': 100, 'x_timing': 3, 'x_smooth': 0, 'scans_to_avg': 5, 'temp_comp': False, 'emptyDevice': False, 'det_type': 1, 'model': 'BLUE-Wave NIR-200', 'device_id': '21121319', '_pixelCount': 2048, '_is_T3': False}
# ['Dark D1', 'Direct 1', 'Dark R', 'Reflected', 'Dark D2', 'Direct 2']
4.881600000000000250e+02 2.590000000000000000e+02 2.630000000000000000e+02 2.640000000000000000e+02 2.630000000000000000e+02 2.590000000000000000e+02 2.750000000000000000e+02
4.885193078300000025e+02 2.600000000000000000e+02 2.700000000000000000e+02 2.780000000000000000e+02 2.800000000000000000e+02 2.730000000000000000e+02 2.800000000000000000e+02
4.888786759200000347e+02 2.610000000000000000e+02 2.580000000000000000e+02 2.620000000000000000e+02 2.750000000000000000e+02 2.700000000000000000e+02 2.700000000000000000e+02
4.892381042700000080e+02 2.770000000000000000e+02 2.700000000000000000e+02 2.730000000000000000e+02 2.760000000000000000e+02 2.760000000000000000e+02 2.660000000000000000e+02
4.895975928800000361e+02 2.570000000000000000e+02 2.630000000000000000e+02 2.610000000000000000e+02 2.670000000000000000e+02 2.610000000000000000e+02 2.600000000000000000e+02
4.899571417500000052e+02 2.640000000000000000e+02 2.700000000000000000e+02 2.760000000000000000e+02 2.790000000000000000e+02 2.760000000000000000e+02 2.790000000000000000e+02
4.903167508800000292e+02 2.570000000000000000e+02 2.640000000000000000e+02 2.620000000000000000e+02 2.610000000000000000e+02 2.630000000000000000e+02 2.640000000000000000e+02
4.906764202700000510e+02 2.710000000000000000e+02 2.670000000000000000e+02 2.640000000000000000e+02 2.720000000000000000e+02 2.750000000000000000e+02 2.760000000000000000e+02
4.910361499200000139e+02 2.520000000000000000e+02 2.660000000000000000e+02 2.610000000000000000e+02 2.590000000000000000e+02 2.580000000000000000e+02 2.610000000000000000e+02
4.913959398300000316e+02 2.630000000000000000e+02 2.700000000000000000e+02 2.650000000000000000e+02 2.720000000000000000e+02 2.710000000000000000e+02 2.820000000000000000e+02
4.917557900000000473e+02 2.480000000000000000e+02 2.650000000000000000e+02 2.600000000000000000e+02 2.620000000000000000e+02 2.660000000000000000e+02 2.730000000000000000e+02
4.921157004300000040e+02 2.540000000000000000e+02 2.670000000000000000e+02 2.620000000000000000e+02 2.770000000000000000e+02 2.750000000000000000e+02 2.820000000000000000e+02
4.924756711200000154e+02 2.520000000000000000e+02 2.520000000000000000e+02 2.570000000000000000e+02 2.600000000000000000e+02 2.560000000000000000e+02 2.680000000000000000e+02
4.928357020700000248e+02 2.620000000000000000e+02 2.630000000000000000e+02 2.680000000000000000e+02 2.680000000000000000e+02 2.660000000000000000e+02 2.670000000000000000e+02
4.931957932800000322e+02 2.460000000000000000e+02 2.500000000000000000e+02 2.510000000000000000e+02 2.600000000000000000e+02 2.510000000000000000e+02 2.580000000000000000e+02
4.935559447500000374e+02 2.550000000000000000e+02 2.600000000000000000e+02 2.650000000000000000e+02 2.640000000000000000e+02 2.630000000000000000e+02 2.660000000000000000e+02
4.939161564800000406e+02 2.470000000000000000e+02 2.480000000000000000e+02 2.490000000000000000e+02 2.540000000000000000e+02 2.580000000000000000e+02 2.590000000000000000e+02
4.942764284700000417e+02 2.550000000000000000e+02 2.590000000000000000e+02 2.610000000000000000e+02 2.550000000000000000e+02 2.510000000000000000e+02 2.580000000000000000e+02
4.946367607200000407e+02 2.370000000000000000e+02 2.490000000000000000e+02 2.470000000000000000e+02 2.500000000000000000e+02 2.460000000000000000e+02 2.560000000000000000e+02
4.949971532300000376e+02 2.450000000000000000e+02 2.510000000000000000e+02 2.630000000000000000e+02 2.600000000000000000e+02 2.620000000000000000e+02 2.640000000000000000e+02
4.953576060000000325e+02 2.410000000000000000e+02 2.530000000000000000e+02 2.510000000000000000e+02 2.490000000000000000e+02 2.580000000000000000e+02 2.510000000000000000e+02
4.957181190300000253e+02 2.490000000000000000e+02 2.540000000000000000e+02 2.560000000000000000e+02 2.580000000000000000e+02 2.590000000000000000e+02 2.700000000000000000e+02
4.960786923200000160e+02 2.450000000000000000e+02 2.480000000000000000e+02 2.550000000000000000e+02 2.570000000000000000e+02 2.520000000000000000e+02 2.520000000000000000e+02
4.964393258700000047e+02 2.530000000000000000e+02 2.570000000000000000e+02 2.540000000000000000e+02 2.590000000000000000e+02 2.620000000000000000e+02 2.640000000000000000e+02
4.968000196800000481e+02 1.336000000000000000e+03 3.800000000000000000e+03 1.354000000000000000e+03 3.480000000000000000e+03 1.348000000000000000e+03 3.829000000000000000e+03
4.971607737500000326e+02 1.435000000000000000e+03 4.180000000000000000e+03 1.435000000000000000e+03 3.800000000000000000e+03 1.436000000000000000e+03 4.180000000000000000e+03
4.975215880800000150e+02 1.430000000000000000e+03 4.228000000000000000e+03 1.433000000000000000e+03 3.789000000000000000e+03 1.432000000000000000e+03 4.172000000000000000e+03
4.978824626700000522e+02 1.444000000000000000e+03 4.265000000000000000e+03 1.437000000000000000e+03 3.833000000000000000e+03 1.453000000000000000e+03 4.226000000000000000e+03
4.982433975200000305e+02 1.463000000000000000e+03 4.242000000000000000e+03 1.458000000000000000e+03 3.858000000000000000e+03 1.469000000000000000e+03 4.245000000000000000e+03
4.986043926300000066e+02 1.448000000000000000e+03 4.272000000000000000e+03 1.452000000000000000e+03 3.899000000000000000e+03 1.464000000000000000e+03 4.259000000000000000e+03
4.989654480000000376e+02 1.447000000000000000e+03 4.282000000000000000e+03 1.445000000000000000e+03 3.850000000000000000e+03 1.455000000000000000e+03 4.287000000000000000e+03
4.993265636300000097e+02 1.457000000000000000e+03 4.335000000000000000e+03 1.456000000000000000e+03 3.942000000000000000e+03 1.464000000000000000e+03 4.342000000000000000e+03
4.996877395200000365e+02 1.435000000000000000e+03 4.302000000000000000e+03 1.438000000000000000e+03 3.916000000000000000e+03 1.441000000000000000e+03 4.305000000000000000e+03
5.000489756700000044e+02 1.430000000000000000e+03 4.321000000000000000e+03 1.430000000000000000e+03 3.944000000000000000e+03 1.434000000000000000e+03 4.318000000000000000e+03
5.004102720800000270e+02 1.470000000000000000e+03 4.340000000000000000e+03 1.466000000000000000e+03 3.951000000000000000e+03 1.466000000000000000e+03 4.355000000000000000e+03
5.007716287500000476e+02 1.486000000000000000e+03 4.417000000000000000e+03 1.481000000000000000e+03 3.997000000000000000e+03 1.500000000000000000e+03 4.400000000000000000e+03
5.011330456800000093e+02 1.434000000000000000e+03 4.336000000000000000e+03 1.431000000000000000e+03 3.964000000000000000e+03 1.447000000000000000e+03 4.338000000000000000e+03
5.014945228700000257e+02 1.480000000000000000e+03 4.396000000000000000e+03 1.483000000000000000e+03 4.028000000000000000e+03 1.485000000000000000e+03 4.437000000000000000e+03
5.018560603200000401e+02 1.453000000000000000e+03 4.398000000000000000e+03 1.458000000000000000e+03 4.024000000000000000e+03 1.458000000000000000e+03 4.386000000000000000e+03
5.022176580300000523e+02 1.464000000000000000e+03 4.444000000000000000e+03 1.460000000000000000e+03 4.021000000000000000e+03 1.467000000000000000e+03 4.454000000000000000e+03
5.025793160000000057e+02 1.476000000000000000e+03 4.459000000000000000e+03 1.482000000000000000e+03 4.015000000000000000e+03 1.481000000000000000e+03 4.482000000000000000e+03
5.029410342300000138e+02 1.473000000000000000e+03 4.495000000000000000e+03 1.481000000000000000e+03 4.076000000000000000e+03 1.482000000000000000e+03 4.499000000000000000e+03
5.033028127200000199e+02 1.453000000000000000e+03 4.485000000000000000e+03 1.456000000000000000e+03 4.067000000000000000e+03 1.450000000000000000e+03 4.435000000000000000e+03
5.036646514700000239e+02 1.469000000000000000e+03 4.554000000000000000e+03 1.477000000000000000e+03 4.138000000000000000e+03 1.478000000000000000e+03 4.523000000000000000e+03
5.040265504800000258e+02 1.442000000000000000e+03 4.512000000000000000e+03 1.448000000000000000e+03 4.099000000000000000e+03 1.450000000000000000e+03 4.496000000000000000e+03
5.043885097500000256e+02 1.467000000000000000e+03 4.538000000000000000e+03 1.471000000000000000e+03 4.110000000000000000e+03 1.469000000000000000e+03 4.558000000000000000e+03
5.047505292800000234e+02 1.458000000000000000e+03 4.559000000000000000e+03 1.460000000000000000e+03 4.109000000000000000e+03 1.455000000000000000e+03 4.562000000000000000e+03
5.051126090700000191e+02 1.447000000000000000e+03 4.571000000000000000e+03 1.449000000000000000e+03 4.134000000000000000e+03 1.452000000000000000e+03 4.573000000000000000e+03
5.054747491200000127e+02 1.435000000000000000e+03 4.608000000000000000e+03 1.441000000000000000e+03 4.156000000000000000e+03 1.436000000000000000e+03 4.568000000000000000e+03
5.058369494300000042e+02 1.473000000000000000e+03 4.635000000000000000e+03 1.475000000000000000e+03 4.196000000000000000e+03 1.495000000000000000e+03 4.624000000000000000e+03
5.061992099999999937e+02 1.462000000000000000e+03 4.641000000000000000e+03 1.452000000000000000e+03 4.195000000000000000e+03 1.466000000000000000e+03 4.622000000000000000e+03
5.065615308300000379e+02 1.429000000000000000e+03 4.633000000000000000e+03 1.441000000000000000e+03 4.203000000000000000e+03 1.450000000000000000e+03 4.649000000000000000e+03
5.069239119200000232e+02 1.446000000000000000e+03 4.674000000000000000e+03 1.445000000000000000e+03 4.226000000000000000e+03 1.461000000000000000e+03 4.693000000000000000e+03
5.072863532700000064e+02 1.463000000000000000e+03 4.717000000000000000e+03 1.467000000000000000e+03 4.285000000000000000e+03 1.470000000000000000e+03 4.728000000000000000e+03
5.076488548800000444e+02 1.458000000000000000e+03 4.722000000000000000e+03 1.466000000000000000e+03 4.302000000000000000e+03 1.466000000000000000e+03 4.705000000000000000e+03
5.080114167500000235e+02 1.475000000000000000e+03 4.747000000000000000e+03 1.476000000000000000e+03 4.313000000000000000e+03 1.480000000000000000e+03 4.764000000000000000e+03
5.083740388800000005e+02 1.445000000000000000e+03 4.776000000000000000e+03 1.457000000000000000e+03 4.325000000000000000e+03 1.458000000000000000e+03 4.765000000000000000e+03
5.087367212700000323e+02 1.443000000000000000e+03 4.766000000000000000e+03 1.450000000000000000e+03 4.285000000000000000e+03 1.443000000000000000e+03 4.793000000000000000e+03
5.090994639200000051e+02 1.437000000000000000e+03 4.768000000000000000e+03 1.441000000000000000e+03 4.313000000000000000e+03 1.446000000000000000e+03 4.761000000000000000e+03
5.094622668300000328e+02 1.443000000000000000e+03 4.807000000000000000e+03 1.460000000000000000e+03 4.335000000000000000e+03 1.455000000000000000e+03 4.813000000000000000e+03
5.098251300000000015e+02 1.449000000000000000e+03 4.844000000000000000e+03 1.453000000000000000e+03 4.413000000000000000e+03 1.467000000000000000e+03 4.836000000000000000e+03
5.101880534300000249e+02 1.465000000000000000e+03 4.896000000000000000e+03 1.460000000000000000e+03 4.407000000000000000e+03 1.463000000000000000e+03 4.846000000000000000e+03
5.105510371200000463e+02 1.445000000000000000e+03 4.851000000000000000e+03 1.456000000000000000e+03 4.393000000000000000e+03 1.449000000000000000e+03 4.867000000000000000e+03
5.109140810700000088e+02 1.472000000000000000e+03 4.901000000000000000e+03 1.473000000000000000e+03 4.464000000000000000e+03 1.473000000000000000e+03 4.914000000000000000e+03
5.112771852800000261e+02 1.456000000000000000e+03 4.910000000000000000e+03 1.457000000000000000e+03 4.438000000000000000e+03 1.464000000000000000e+03 4.967000000000000000e+03
5.116403497500000412e+02 1.471000000000000000e+03 4.970000000000000000e+03 1.481000000000000000e+03 4.481000000000000000e+03 1.480000000000000000e+03 4.955000000000000000e+03
5.120035744799999975e+02 1.461000000000000000e+03 4.966000000000000000e+03 1.464000000000000000e+03 4.491000000000000000e+03 1.463000000000000000e+03 4.994000000000000000e+03
5.123668594700000085e+02 1.439000000000000000e+03 5.038000000000000000e+03 1.441000000000000000e+03 4.498000000000000000e+03 1.454000000000000000e+03 4.999000000000000000e+03
5.127302047200000743e+02 1.454000000000000000e+03 5.025000000000000000e+03 1.465000000000000000e+03 4.560000000000000000e+03 1.463000000000000000e+03 4.992000000000000000e+03
5.130936102299999675e+02 1.438000000000000000e+03 5.044000000000000000e+03 1.443000000000000000e+03 4.512000000000000000e+03 1.450000000000000000e+03 5.066000000000000000e+03
5.134570760000000291e+02 1.455000000000000000e+03 5.066000000000000000e+03 1.454000000000000000e+03 4.549000000000000000e+03 1.464000000000000000e+03 5.061000000000000000e+03
5.138206020300000318e+02 1.460000000000000000e+03 5.063000000000000000e+03 1.462000000000000000e+03 4.594000000000000000e+03 1.466000000000000000e+03 5.076000000000000000e+03
5.141841883199999756e+02 1.472000000000000000e+03 5.139000000000000000e+03 1.472000000000000000e+03 4.601000000000000000e+03 1.477000000000000000e+03 5.108000000000000000e+03
5.145478348699999742e+02 1.469000000000000000e+03 5.143000000000000000e+03 1.472000000000000000e+03 4.643000000000000000e+03 1.483000000000000000e+03 5.125000000000000000e+03
5.149115416800000276e+02 1.458000000000000000e+03 5.166000000000000000e+03 1.464000000000000000e+03 4.653000000000000000e+03 1.468000000000000000e+03 5.123000000000000000e+03
5.152753087500000220e+02 1.475000000000000000e+03 5.195000000000000000e+03 1.471000000000000000e+03 4.698000000000000000e+03 1.477000000000000000e+03 5.212000000000000000e+03
5.156391360800000712e+02 1.474000000000000000e+03 5.217000000000000000e+03 1.486000000000000000e+03 4.733000000000000000e+03 1.490000000000000000e+03 5.201000000000000000e+03
5.160030236700000614e+02 1.445000000000000000e+03 5.201000000000000000e+03 1.449000000000000000e+03 4.702000000000000000e+03 1.448000000000000000e+03 5.185000000000000000e+03
5.163669715199999928e+02 1.463000000000000000e+03 5.224000000000000000e+03 1.461000000000000000e+03 4.703000000000000000e+03 1.464000000000000000e+03 5.248000000000000000e+03
5.167309796299999789e+02 1.469000000000000000e+03 5.300000000000000000e+03 1.479000000000000000e+03 4.789000000000000000e+03 1.488000000000000000e+03 5.304000000000000000e+03
5.170950480000000198e+02 1.458000000000000000e+03 5.261000000000000000e+03 1.465000000000000000e+03 4.762000000000000000e+03 1.468000000000000000e+03 5.321000000000000000e+03
5.174591766300000018e+02 1.478000000000000000e+03 5.369000000000000000e+03 1.486000000000000000e+03 4.804000000000000000e+03 1.476000000000000000e+03 5.339000000000000000e+03
5.178233655200000385e+02 1.465000000000000000e+03 5.322000000000000000e+03 1.465000000000000000e+03 4.804000000000000000e+03 1.467000000000000000e+03 5.365000000000000000e+03
5.181876146700000163e+02 1.462000000000000000e+03 5.347000000000000000e+03 1.469000000000000000e+03 4.860000000000000000e+03 1.466000000000000000e+03 5.395000000000000000e+03
5.185519240800000489e+02 1.453000000000000000e+03 5.427000000000000000e+03 1.448000000000000000e+03 4.871000000000000000e+03 1.457000000000000000e+03 5.406000000000000000e+03
5.189162937500000226e+02 1.490000000000000000e+03 5.470000000000000000e+03 1.492000000000000000e+03 4.947000000000000000e+03 1.493000000000000000e+03 5.504000000000000000e+03
5.192807236800000510e+02 1.455000000000000000e+03 5.465000000000000000e+03 1.463000000000000000e+03 4.907000000000000000e+03 1.462000000000000000e+03 5.446000000000000000e+03
5.196452138700000205e+02 1.462000000000000000e+03 5.477000000000000000e+03 1.466000000000000000e+03 4.947000000000000000e+03 1.473000000000000000e+03 5.489000000000000000e+03
5.200097643200000448e+02 1.445000000000000000e+03 5.519000000000000000e+03 1.447000000000000000e+03 4.978000000000000000e+03 1.464000000000000000e+03 5.550000000000000000e+03
5.203743750300000102e+02 1.491000000000000000e+03 5.575000000000000000e+03 1.489000000000000000e+03 5.021000000000000000e+03 1.489000000000000000e+03 5.574000000000000000e+03
5.207390460000000303e+02 1.460000000000000000e+03 5.602000000000000000e+03 1.455000000000000000e+03 5.040000000000000000e+03 1.465000000000000000e+03 5.566000000000000000e+03
5.211037772299999915e+02 1.447000000000000000e+03 5.599000000000000000e+03 1.450000000000000000e+03 5.019000000000000000e+03 1.446000000000000000e+03 5.619000000000000000e+03
5.214685687200000075e+02 1.449000000000000000e+03 5.642000000000000000e+03 1.456000000000000000e+03 5.062000000000000000e+03 1.465000000000000000e+03 5.682000000000000000e+03
5.218334204699999646e+02 1.485000000000000000e+03 5.705000000000000000e+03 1.488000000000000000e+03 5.115000000000000000e+03 1.498000000000000000e+03 5.670000000000000000e+03
5.221983324799999764e+02 1.460000000000000000e+03 5.713000000000000000e+03 1.470000000000000000e+03 5.092000000000000000e+03 1.463000000000000000e+03 5.717000000000000000e+03
5.225633047500000430e+02 1.452000000000000000e+03 5.769000000000000000e+03 1.451000000000000000e+03 5.131000000000000000e+03 1.455000000000000000e+03 5.721000000000000000e+03
5.229283372800000507e+02 1.449000000000000000e+03 5.782000000000000000e+03 1.457000000000000000e+03 5.186000000000000000e+03 1.459000000000000000e+03 5.776000000000000000e+03
5.232934300699999994e+02 1.468000000000000000e+03 5.794000000000000000e+03 1.471000000000000000e+03 5.185000000000000000e+03 1.476000000000000000e+03 5.810000000000000000e+03
5.236585831200000030e+02 1.444000000000000000e+03 5.836000000000000000e+03 1.451000000000000000e+03 5.224000000000000000e+03 1.450000000000000000e+03 5.836000000000000000e+03
5.240237964300000613e+02 1.482000000000000000e+03 5.898000000000000000e+03 1.482000000000000000e+03 5.296000000000000000e+03 1.480000000000000000e+03 5.851000000000000000e+03
5.243890700000000606e+02 1.463000000000000000e+03 5.912000000000000000e+03 1.457000000000000000e+03 5.252000000000000000e+03 1.463000000000000000e+03 5.915000000000000000e+03
5.247544038300000011e+02 1.462000000000000000e+03 5.984000000000000000e+03 1.463000000000000000e+03 5.303000000000000000e+03 1.471000000000000000e+03 5.934000000000000000e+03
5.251197979199999963e+02 1.441000000000000000e+03 5.972000000000000000e+03 1.440000000000000000e+03 5.361000000000000000e+03 1.450000000000000000e+03 5.948000000000000000e+03
5.254852522700000463e+02 1.444000000000000000e+03 6.009000000000000000e+03 1.443000000000000000e+03 5.341000000000000000e+03 1.451000000000000000e+03 6.007000000000000000e+03
5.258507668800000374e+02 1.473000000000000000e+03 6.042000000000000000e+03 1.474000000000000000e+03 5.437000000000000000e+03 1.461000000000000000e+03 6.060000000000000000e+03
5.262163417499999696e+02 1.486000000000000000e+03 6.113000000000000000e+03 1.491000000000000000e+03 5.487000000000000000e+03 1.506000000000000000e+03 6.100000000000000000e+03
5.265819768800000702e+02 1.474000000000000000e+03 6.155000000000000000e+03 1.486000000000000000e+03 5.495000000000000000e+03 1.482000000000000000e+03 6.157000000000000000e+03
5.269476722699999982e+02 1.498000000000000000e+03 6.207000000000000000e+03 1.486000000000000000e+03 5.511000000000000000e+03 1.494000000000000000e+03 6.192000000000000000e+03
5.273134279199999810e+02 1.445000000000000000e+03 6.211000000000000000e+03 1.452000000000000000e+03 5.543000000000000000e+03 1.461000000000000000e+03 6.206000000000000000e+03
5.276792438300000185e+02 1.463000000000000000e+03 6.261000000000000000e+03 1.464000000000000000e+03 5.596000000000000000e+03 1.474000000000000000e+03 6.245000000000000000e+03
5.280451199999999972e+02 1.487000000000000000e+03 6.314000000000000000e+03 1.486000000000000000e+03 5.638000000000000000e+03 1.492000000000000000e+03 6.293000000000000000e+03
5.284110564300000306e+02 1.458000000000000000e+03 6.301000000000000000e+03 1.467000000000000000e+03 5.644000000000000000e+03 1.476000000000000000e+03 6.320000000000000000e+03
5.287770531200000050e+02 1.466000000000000000e+03 6.407000000000000000e+03 1.467000000000000000e+03 5.708000000000000000e+03 1.472000000000000000e+03 6.403000000000000000e+03
5.291431100700000343e+02 1.482000000000000000e+03 6.391000000000000000e+03 1.482000000000000000e+03 5.744000000000000000e+03 1.481000000000000000e+03 6.404000000000000000e+03
5.295092272800000046e+02 1.461000000000000000e+03 6.441000000000000000e+03 1.460000000000000000e+03 5.748000000000000000e+03 1.462000000000000000e+03 6.451000000000000000e+03
5.298754047500000297e+02 1.455000000000000000e+03 6.512000000000000000e+03 1.456000000000000000e+03 5.770000000000000000e+03 1.458000000000000000e+03 6.554000000000000000e+03
5.302416424799999959e+02 1.467000000000000000e+03 6.562000000000000000e+03 1.474000000000000000e+03 5.823000000000000000e+03 1.476000000000000000e+03 6.516000000000000000e+03
5.306079404700000168e+02 1.453000000000000000e+03 6.564000000000000000e+03 1.459000000000000000e+03 5.911000000000000000e+03 1.453000000000000000e+03 6.595000000000000000e+03
5.309742987199999789e+02 1.481000000000000000e+03 6.643000000000000000e+03 1.486000000000000000e+03 5.940000000000000000e+03 1.488000000000000000e+03 6.694000000000000000e+03
5.313407172299999957e+02 1.480000000000000000e+03 6.703000000000000000e+03 1.484000000000000000e+03 5.987000000000000000e+03 1.483000000000000000e+03 6.720000000000000000e+03
5.317071960000000672e+02 1.453000000000000000e+03 6.685000000000000000e+03 1.455000000000000000e+03 5.984000000000000000e+03 1.456000000000000000e+03 6.743000000000000000e+03
5.320737350300000799e+02 1.496000000000000000e+03 6.815000000000000000e+03 1.501000000000000000e+03 6.092000000000000000e+03 1.505000000000000000e+03 6.809000000000000000e+03
5.324403343200000336e+02 1.452000000000000000e+03 6.821000000000000000e+03 1.456000000000000000e+03 6.113000000000000000e+03 1.463000000000000000e+03 6.800000000000000000e+03
5.328069938700000421e+02 1.460000000000000000e+03 6.934000000000000000e+03 1.462000000000000000e+03 6.163000000000000000e+03 1.458000000000000000e+03 6.891000000000000000e+03
5.331737136799999917e+02 1.443000000000000000e+03 6.963000000000000000e+03 1.446000000000000000e+03 6.133000000000000000e+03 1.445000000000000000e+03 6.973000000000000000e+03
5.335404937499999960e+02 1.457000000000000000e+03 7.004000000000000000e+03 1.466000000000000000e+03 6.238000000000000000e+03 1.455000000000000000e+03 7.019000000000000000e+03
5.339073340800000551e+02 1.492000000000000000e+03 7.061000000000000000e+03 1.475000000000000000e+03 6.300000000000000000e+03 1.494000000000000000e+03 7.052000000000000000e+03
5.342742346700000553e+02 1.454000000000000000e+03 7.089000000000000000e+03 1.445000000000000000e+03 6.315000000000000000e+03 1.448000000000000000e+03 7.099000000000000000e+03
5.346411955199999966e+02 1.481000000000000000e+03 7.222000000000000000e+03 1.477000000000000000e+03 6.407000000000000000e+03 1.481000000000000000e+03 7.179000000000000000e+03
5.350082166299999926e+02 1.440000000000000000e+03 7.266000000000000000e+03 1.447000000000000000e+03 6.416000000000000000e+03 1.456000000000000000e+03 7.213000000000000000e+03
5.353752980000000434e+02 1.469000000000000000e+03 7.288000000000000000e+03 1.465000000000000000e+03 6.526000000000000000e+03 1.472000000000000000e+03 7.337000000000000000e+03
5.357424396300000353e+02 1.461000000000000000e+03 7.390000000000000000e+03 1.458000000000000000e+03 6.536000000000000000e+03 1.465000000000000000e+03 7.384000000000000000e+03
5.361096415199999683e+02 1.451000000000000000e+03 7.430000000000000000e+03 1.465000000000000000e+03 6.622000000000000000e+03 1.463000000000000000e+03 7.425000000000000000e+03
5.364769036700000697e+02 1.495000000000000000e+03 7.482000000000000000e+03 1.492000000000000000e+03 6.699000000000000000e+03 1.501000000000000000e+03 7.454000000000000000e+03
5.368442260799999985e+02 1.470000000000000000e+03 7.486000000000000000e+03 1.476000000000000000e+03 6.684000000000000000e+03 1.492000000000000000e+03 7.524000000000000000e+03
5.372116087499999821e+02 1.480000000000000000e+03 7.550000000000000000e+03 1.477000000000000000e+03 6.671000000000000000e+03 1.482000000000000000e+03 7.530000000000000000e+03
5.375790516800000205e+02 1.465000000000000000e+03 7.579000000000000000e+03 1.473000000000000000e+03 6.666000000000000000e+03 1.470000000000000000e+03 7.564000000000000000e+03
5.379465548699999999e+02 1.502000000000000000e+03 7.648000000000000000e+03 1.501000000000000000e+03 6.779000000000000000e+03 1.501000000000000000e+03 7.632000000000000000e+03
5.383141183200000341e+02 1.456000000000000000e+03 7.643000000000000000e+03 1.463000000000000000e+03 6.813000000000000000e+03 1.467000000000000000e+03 7.621000000000000000e+03
5.386817420300000094e+02 1.513000000000000000e+03 7.733000000000000000e+03 1.514000000000000000e+03 6.845000000000000000e+03 1.523000000000000000e+03 7.703000000000000000e+03
5.390494260000000395e+02 1.515000000000000000e+03 7.768000000000000000e+03 1.494000000000000000e+03 6.886000000000000000e+03 1.515000000000000000e+03 7.720000000000000000e+03
5.394171702300000106e+02 1.508000000000000000e+03 7.927000000000000000e+03 1.492000000000000000e+03 6.954000000000000000e+03 1.503000000000000000e+03 7.802000000000000000e+03
5.397849747200000365e+02 1.499000000000000000e+03 7.988000000000000000e+03 1.488000000000000000e+03 7.012000000000000000e+03 1.515000000000000000e+03 7.952000000000000000e+03
5.401528394700000035e+02 1.522000000000000000e+03 8.026000000000000000e+03 1.515000000000000000e+03 7.129000000000000000e+03 1.539000000000000000e+03 8.016000000000000000e+03
5.405207644800000253e+02 1.527000000000000000e+03 8.180000000000000000e+03 1.506000000000000000e+03 7.213000000000000000e+03 1.533000000000000000e+03 8.155000000000000000e+03
5.408887497499999881e+02 1.549000000000000000e+03 8.313000000000000000e+03 1.532000000000000000e+03 7.408000000000000000e+03 1.569000000000000000e+03 8.265000000000000000e+03
5.412567952800000057e+02 1.550000000000000000e+03 8.378000000000000000e+03 1.532000000000000000e+03 7.416000000000000000e+03 1.562000000000000000e+03 8.351000000000000000e+03
5.416249010700000781e+02 1.563000000000000000e+03 8.507000000000000000e+03 1.539000000000000000e+03 7.474000000000000000e+03 1.567000000000000000e+03 8.417000000000000000e+03
5.419930671199999779e+02 1.551000000000000000e+03 8.552000000000000000e+03 1.543000000000000000e+03 7.536000000000000000e+03 1.568000000000000000e+03 8.582000000000000000e+03
5.423612934300000461e+02 1.556000000000000000e+03 8.670000000000000000e+03 1.541000000000000000e+03 7.606000000000000000e+03 1.567000000000000000e+03 8.624000000000000000e+03
5.427295800000000554e+02 1.574000000000000000e+03 8.739000000000000000e+03 1.554000000000000000e+03 7.696000000000000000e+03 1.578000000000000000e+03 8.683000000000000000e+03
5.430979268300000058e+02 1.596000000000000000e+03 8.812000000000000000e+03 1.557000000000000000e+03 7.783000000000000000e+03 1.600000000000000000e+03 8.799000000000000000e+03
5.434663339200000109e+02 1.570000000000000000e+03 8.862000000000000000e+03 1.527000000000000000e+03 7.854000000000000000e+03 1.576000000000000000e+03 8.828000000000000000e+03
5.438348012700000709e+02 1.589000000000000000e+03 8.949000000000000000e+03 1.551000000000000000e+03 7.918000000000000000e+03 1.594000000000000000e+03 8.987000000000000000e+03
5.442033288800000719e+02 1.592000000000000000e+03 9.091000000000000000e+03 1.551000000000000000e+03 7.997000000000000000e+03 1.593000000000000000e+03 9.023000000000000000e+03
5.445719167500000140e+02 1.581000000000000000e+03 9.105000000000000000e+03 1.547000000000000000e+03 8.057000000000000000e+03 1.592000000000000000e+03 9.087000000000000000e+03
5.449405648800000108e+02 1.565000000000000000e+03 9.141000000000000000e+03 1.525000000000000000e+03 8.100000000000000000e+03 1.570000000000000000e+03 9.109000000000000000e+03
5.453092732700000624e+02 1.553000000000000000e+03 9.285000000000000000e+03 1.524000000000000000e+03 8.182000000000000000e+03 1.561000000000000000e+03 9.276000000000000000e+03
5.456780419200000551e+02 1.560000000000000000e+03 9.304000000000000000e+03 1.545000000000000000e+03 8.177000000000000000e+03 1.559000000000000000e+03 9.323000000000000000e+03
5.460468708299999889e+02 1.542000000000000000e+03 9.421000000000000000e+03 1.523000000000000000e+03 8.243000000000000000e+03 1.553000000000000000e+03 9.425000000000000000e+03
5.464157599999999775e+02 1.551000000000000000e+03 9.402000000000000000e+03 1.535000000000000000e+03 8.275000000000000000e+03 1.564000000000000000e+03 9.431000000000000000e+03
5.467847094300000208e+02 1.566000000000000000e+03 9.505000000000000000e+03 1.547000000000000000e+03 8.332000000000000000e+03 1.582000000000000000e+03 9.454000000000000000e+03
5.471537191200000052e+02 1.522000000000000000e+03 9.517000000000000000e+03 1.499000000000000000e+03 8.300000000000000000e+03 1.531000000000000000e+03 9.456000000000000000e+03
5.475227890700000444e+02 1.539000000000000000e+03 9.576000000000000000e+03 1.517000000000000000e+03 8.411000000000000000e+03 1.549000000000000000e+03 9.535000000000000000e+03
5.478919192800000246e+02 1.533000000000000000e+03 9.616000000000000000e+03 1.506000000000000000e+03 8.491000000000000000e+03 1.531000000000000000e+03 9.569000000000000000e+03
5.482611097500000596e+02 1.522000000000000000e+03 9.684000000000000000e+03 1.507000000000000000e+03 8.490000000000000000e+03 1.534000000000000000e+03 9.673000000000000000e+03
5.486303604800000357e+02 1.505000000000000000e+03 9.766000000000000000e+03 1.495000000000000000e+03 8.600000000000000000e+03 1.512000000000000000e+03 9.749000000000000000e+03
5.489996714700000666e+02 1.485000000000000000e+03 9.738000000000000000e+03 1.477000000000000000e+03 8.607000000000000000e+03 1.492000000000000000e+03 9.749000000000000000e+03
5.493690427200000386e+02 1.513000000000000000e+03 9.952000000000000000e+03 1.496000000000000000e+03 8.699000000000000000e+03 1.512000000000000000e+03 9.932000000000000000e+03
5.497384742300000653e+02 1.525000000000000000e+03 1.002100000000000000e+04 1.514000000000000000e+03 8.787000000000000000e+03 1.522000000000000000e+03 9.981000000000000000e+03
5.501079660000000331e+02 1.485000000000000000e+03 9.988000000000000000e+03 1.484000000000000000e+03 8.830000000000000000e+03 1.493000000000000000e+03 9.967000000000000000e+03
5.504775180300000557e+02 1.494000000000000000e+03 1.014900000000000000e+04 1.485000000000000000e+03 8.919000000000000000e+03 1.490000000000000000e+03 1.013400000000000000e+04
5.508471303200000193e+02 1.467000000000000000e+03 1.020100000000000000e+04 1.463000000000000000e+03 8.985000000000000000e+03 1.473000000000000000e+03 1.018300000000000000e+04
5.512168028700000377e+02 1.488000000000000000e+03 1.032100000000000000e+04 1.488000000000000000e+03 9.080000000000000000e+03 1.501000000000000000e+03 1.032700000000000000e+04
5.515865356799999972e+02 1.458000000000000000e+03 1.044200000000000000e+04 1.457000000000000000e+03 9.178000000000000000e+03 1.469000000000000000e+03 1.034200000000000000e+04
5.519563287500000115e+02 1.483000000000000000e+03 1.057500000000000000e+04 1.484000000000000000e+03 9.286000000000000000e+03 1.494000000000000000e+03 1.045600000000000000e+04
5.523261820800000805e+02 1.460000000000000000e+03 1.058300000000000000e+04 1.459000000000000000e+03 9.345000000000000000e+03 1.470000000000000000e+03 1.062700000000000000e+04
5.526960956699999770e+02 1.488000000000000000e+03 1.070200000000000000e+04 1.487000000000000000e+03 9.396000000000000000e+03 1.491000000000000000e+03 1.064400000000000000e+04
5.530660695200000418e+02 1.461000000000000000e+03 1.079600000000000000e+04 1.474000000000000000e+03 9.507000000000000000e+03 1.475000000000000000e+03 1.070200000000000000e+04
5.534361036300000478e+02 1.479000000000000000e+03 1.090100000000000000e+04 1.492000000000000000e+03 9.586000000000000000e+03 1.495000000000000000e+03 1.084300000000000000e+04
5.538061979999999949e+02 1.466000000000000000e+03 1.097300000000000000e+04 1.469000000000000000e+03 9.647000000000000000e+03 1.480000000000000000e+03 1.085800000000000000e+04
5.541763526299999967e+02 1.465000000000000000e+03 1.102500000000000000e+04 1.460000000000000000e+03 9.716000000000000000e+03 1.471000000000000000e+03 1.094400000000000000e+04
5.545465675200000533e+02 1.455000000000000000e+03 1.107100000000000000e+04 1.451000000000000000e+03 9.703000000000000000e+03 1.458000000000000000e+03 1.102300000000000000e+04
5.549168426700000509e+02 1.472000000000000000e+03 1.120700000000000000e+04 1.480000000000000000e+03 9.796000000000000000e+03 1.487000000000000000e+03 1.113000000000000000e+04
5.552871780799999897e+02 1.454000000000000000e+03 1.124300000000000000e+04 1.456000000000000000e+03 9.916000000000000000e+03 1.457000000000000000e+03 1.123900000000000000e+04
5.556575737499999832e+02 1.477000000000000000e+03 1.141000000000000000e+04 1.481000000000000000e+03 9.970000000000000000e+03 1.484000000000000000e+03 1.137000000000000000e+04
5.560280296800000315e+02 1.459000000000000000e+03 1.144600000000000000e+04 1.455000000000000000e+03 1.009500000000000000e+04 1.460000000000000000e+03 1.139500000000000000e+04
5.563985458700000208e+02 1.465000000000000000e+03 1.157000000000000000e+04 1.470000000000000000e+03 1.014500000000000000e+04 1.469000000000000000e+03 1.152700000000000000e+04
5.567691223200000650e+02 1.472000000000000000e+03 1.163100000000000000e+04 1.474000000000000000e+03 1.026000000000000000e+04 1.474000000000000000e+03 1.163500000000000000e+04
5.571397590300000502e+02 1.450000000000000000e+03 1.174500000000000000e+04 1.453000000000000000e+03 1.032300000000000000e+04 1.462000000000000000e+03 1.174400000000000000e+04
5.575104559999999765e+02 1.462000000000000000e+03 1.180900000000000000e+04 1.475000000000000000e+03 1.043400000000000000e+04 1.482000000000000000e+03 1.182600000000000000e+04
5.578812132300000712e+02 1.456000000000000000e+03 1.194700000000000000e+04 1.470000000000000000e+03 1.046200000000000000e+04 1.472000000000000000e+03 1.189800000000000000e+04
5.582520307199999934e+02 1.452000000000000000e+03 1.201300000000000000e+04 1.464000000000000000e+03 1.050200000000000000e+04 1.456000000000000000e+03 1.198400000000000000e+04
5.586229084700000840e+02 1.476000000000000000e+03 1.216900000000000000e+04 1.475000000000000000e+03 1.062900000000000000e+04 1.483000000000000000e+03 1.210800000000000000e+04
5.589938464800000020e+02 1.455000000000000000e+03 1.222900000000000000e+04 1.468000000000000000e+03 1.073500000000000000e+04 1.465000000000000000e+03 1.217300000000000000e+04
5.593648447499999747e+02 1.471000000000000000e+03 1.228500000000000000e+04 1.474000000000000000e+03 1.072800000000000000e+04 1.475000000000000000e+03 1.225000000000000000e+04
5.597359032800000023e+02 1.434000000000000000e+03 1.230800000000000000e+04 1.434000000000000000e+03 1.089000000000000000e+04 1.438000000000000000e+03 1.231300000000000000e+04
5.601070220700000846e+02 1.460000000000000000e+03 1.243900000000000000e+04 1.476000000000000000e+03 1.103100000000000000e+04 1.481000000000000000e+03 1.243200000000000000e+04
5.604782011199999943e+02 1.470000000000000000e+03 1.255700000000000000e+04 1.481000000000000000e+03 1.108800000000000000e+04 1.478000000000000000e+03 1.256900000000000000e+04
5.608494404300000724e+02 1.464000000000000000e+03 1.260300000000000000e+04 1.471000000000000000e+03 1.101200000000000000e+04 1.485000000000000000e+03 1.254100000000000000e+04
5.612207399999999780e+02 1.472000000000000000e+03 1.278100000000000000e+04 1.479000000000000000e+03 1.124100000000000000e+04 1.482000000000000000e+03 1.269300000000000000e+04
5.615920998300000520e+02 1.474000000000000000e+03 1.285900000000000000e+04 1.486000000000000000e+03 1.129000000000000000e+04 1.482000000000000000e+03 1.279900000000000000e+04
5.619635199199999533e+02 1.435000000000000000e+03 1.292200000000000000e+04 1.439000000000000000e+03 1.134500000000000000e+04 1.450000000000000000e+03 1.291000000000000000e+04
5.623350002700000232e+02 1.436000000000000000e+03 1.300400000000000000e+04 1.448000000000000000e+03 1.135400000000000000e+04 1.448000000000000000e+03 1.285500000000000000e+04
5.627065408800000341e+02 1.428000000000000000e+03 1.303400000000000000e+04 1.436000000000000000e+03 1.144900000000000000e+04 1.438000000000000000e+03 1.296200000000000000e+04
5.630781417499999861e+02 1.454000000000000000e+03 1.318500000000000000e+04 1.457000000000000000e+03 1.158700000000000000e+04 1.460000000000000000e+03 1.322500000000000000e+04
5.634498028799999929e+02 1.478000000000000000e+03 1.324000000000000000e+04 1.492000000000000000e+03 1.159400000000000000e+04 1.479000000000000000e+03 1.315500000000000000e+04
5.638215242700000545e+02 1.479000000000000000e+03 1.332300000000000000e+04 1.470000000000000000e+03 1.164100000000000000e+04 1.473000000000000000e+03 1.333900000000000000e+04
5.641933059200000571e+02 1.446000000000000000e+03 1.335100000000000000e+04 1.435000000000000000e+03 1.171400000000000000e+04 1.441000000000000000e+03 1.333600000000000000e+04
5.645651478300000008e+02 1.433000000000000000e+03 1.353500000000000000e+04 1.437000000000000000e+03 1.181700000000000000e+04 1.440000000000000000e+03 1.348100000000000000e+04
5.649370499999999993e+02 1.411000000000000000e+03 1.350700000000000000e+04 1.416000000000000000e+03 1.179400000000000000e+04 1.424000000000000000e+03 1.350900000000000000e+04
5.653090124300000525e+02 1.406000000000000000e+03 1.360800000000000000e+04 1.423000000000000000e+03 1.189200000000000000e+04 1.430000000000000000e+03 1.354800000000000000e+04
5.656810351200000468e+02 1.453000000000000000e+03 1.363300000000000000e+04 1.454000000000000000e+03 1.199200000000000000e+04 1.470000000000000000e+03 1.363700000000000000e+04
5.660531180699999823e+02 1.482000000000000000e+03 1.373000000000000000e+04 1.478000000000000000e+03 1.206500000000000000e+04 1.496000000000000000e+03 1.375100000000000000e+04
5.664252612800000861e+02 1.465000000000000000e+03 1.390200000000000000e+04 1.472000000000000000e+03 1.222200000000000000e+04 1.482000000000000000e+03 1.390200000000000000e+04
5.667974647500000174e+02 1.478000000000000000e+03 1.408700000000000000e+04 1.485000000000000000e+03 1.230200000000000000e+04 1.483000000000000000e+03 1.403200000000000000e+04
5.671697284800000034e+02 1.443000000000000000e+03 1.410600000000000000e+04 1.431000000000000000e+03 1.230600000000000000e+04 1.446000000000000000e+03 1.405500000000000000e+04
5.675420524700000442e+02 1.457000000000000000e+03 1.417700000000000000e+04 1.477000000000000000e+03 1.243400000000000000e+04 1.472000000000000000e+03 1.418100000000000000e+04
5.679144367200000261e+02 1.457000000000000000e+03 1.442900000000000000e+04 1.460000000000000000e+03 1.257500000000000000e+04 1.463000000000000000e+03 1.425100000000000000e+04
5.682868812300000627e+02 1.461000000000000000e+03 1.446100000000000000e+04 1.465000000000000000e+03 1.256800000000000000e+04 1.466000000000000000e+03 1.429700000000000000e+04
5.686593860000000404e+02 1.439000000000000000e+03 1.448100000000000000e+04 1.446000000000000000e+03 1.271800000000000000e+04 1.459000000000000000e+03 1.444300000000000000e+04
5.690319510300000729e+02 1.433000000000000000e+03 1.446400000000000000e+04 1.438000000000000000e+03 1.272200000000000000e+04 1.438000000000000000e+03 1.448300000000000000e+04
5.694045763200000465e+02 1.433000000000000000e+03 1.455000000000000000e+04 1.435000000000000000e+03 1.278800000000000000e+04 1.443000000000000000e+03 1.456900000000000000e+04
5.697772618700000749e+02 1.453000000000000000e+03 1.476500000000000000e+04 1.457000000000000000e+03 1.287000000000000000e+04 1.460000000000000000e+03 1.473200000000000000e+04
5.701500076800000443e+02 1.442000000000000000e+03 1.477300000000000000e+04 1.460000000000000000e+03 1.291600000000000000e+04 1.456000000000000000e+03 1.479800000000000000e+04
5.705228137500000685e+02 1.418000000000000000e+03 1.481700000000000000e+04 1.431000000000000000e+03 1.296400000000000000e+04 1.427000000000000000e+03 1.486200000000000000e+04
5.708956800800000337e+02 1.428000000000000000e+03 1.496000000000000000e+04 1.437000000000000000e+03 1.312800000000000000e+04 1.445000000000000000e+03 1.491700000000000000e+04
5.712686066700000538e+02 1.418000000000000000e+03 1.507400000000000000e+04 1.421000000000000000e+03 1.323800000000000000e+04 1.423000000000000000e+03 1.508500000000000000e+04
5.716415935200000149e+02 1.422000000000000000e+03 1.521600000000000000e+04 1.431000000000000000e+03 1.337800000000000000e+04 1.442000000000000000e+03 1.512500000000000000e+04
5.720146406300000308e+02 1.441000000000000000e+03 1.517800000000000000e+04 1.451000000000000000e+03 1.332400000000000000e+04 1.456000000000000000e+03 1.514400000000000000e+04
5.723877479999999878e+02 1.442000000000000000e+03 1.531400000000000000e+04 1.438000000000000000e+03 1.339100000000000000e+04 1.441000000000000000e+03 1.532000000000000000e+04
5.727609156299999995e+02 1.441000000000000000e+03 1.541600000000000000e+04 1.442000000000000000e+03 1.346800000000000000e+04 1.437000000000000000e+03 1.537700000000000000e+04
5.731341435200000660e+02 1.483000000000000000e+03 1.550700000000000000e+04 1.471000000000000000e+03 1.362300000000000000e+04 1.467000000000000000e+03 1.549500000000000000e+04
5.735074316699999599e+02 1.459000000000000000e+03 1.564000000000000000e+04 1.462000000000000000e+03 1.368800000000000000e+04 1.466000000000000000e+03 1.552300000000000000e+04
5.738807800800000223e+02 1.453000000000000000e+03 1.580400000000000000e+04 1.459000000000000000e+03 1.376900000000000000e+04 1.468000000000000000e+03 1.575100000000000000e+04
5.742541887500000257e+02 1.471000000000000000e+03 1.579400000000000000e+04 1.472000000000000000e+03 1.388300000000000000e+04 1.478000000000000000e+03 1.588600000000000000e+04
5.746276576800000839e+02 1.442000000000000000e+03 1.595100000000000000e+04 1.452000000000000000e+03 1.392900000000000000e+04 1.455000000000000000e+03 1.583000000000000000e+04
5.750011868699999695e+02 1.459000000000000000e+03 1.601400000000000000e+04 1.464000000000000000e+03 1.406000000000000000e+04 1.476000000000000000e+03 1.600800000000000000e+04
5.753747763200000236e+02 1.466000000000000000e+03 1.617400000000000000e+04 1.458000000000000000e+03 1.409000000000000000e+04 1.456000000000000000e+03 1.603500000000000000e+04
5.757484260300000187e+02 1.464000000000000000e+03 1.625900000000000000e+04 1.459000000000000000e+03 1.419500000000000000e+04 1.470000000000000000e+03 1.616400000000000000e+04
5.761221360000000686e+02 1.435000000000000000e+03 1.626800000000000000e+04 1.441000000000000000e+03 1.422600000000000000e+04 1.455000000000000000e+03 1.620100000000000000e+04
5.764959062300000596e+02 1.441000000000000000e+03 1.632600000000000000e+04 1.438000000000000000e+03 1.425500000000000000e+04 1.447000000000000000e+03 1.620800000000000000e+04
5.768697367199999917e+02 1.421000000000000000e+03 1.641500000000000000e+04 1.425000000000000000e+03 1.429500000000000000e+04 1.440000000000000000e+03 1.630600000000000000e+04
5.772436274699999785e+02 1.469000000000000000e+03 1.649300000000000000e+04 1.471000000000000000e+03 1.439600000000000000e+04 1.471000000000000000e+03 1.646000000000000000e+04
5.776175784800000201e+02 1.452000000000000000e+03 1.655300000000000000e+04 1.437000000000000000e+03 1.452400000000000000e+04 1.456000000000000000e+03 1.656100000000000000e+04
5.779915897500000028e+02 1.473000000000000000e+03 1.669000000000000000e+04 1.470000000000000000e+03 1.452300000000000000e+04 1.487000000000000000e+03 1.664400000000000000e+04
5.783656612800000403e+02 1.510000000000000000e+03 1.675500000000000000e+04 1.489000000000000000e+03 1.465400000000000000e+04 1.525000000000000000e+03 1.666200000000000000e+04
5.787397930700000188e+02 1.510000000000000000e+03 1.685500000000000000e+04 1.480000000000000000e+03 1.473000000000000000e+04 1.515000000000000000e+03 1.677000000000000000e+04
5.791139851200000521e+02 1.477000000000000000e+03 1.680900000000000000e+04 1.464000000000000000e+03 1.468900000000000000e+04 1.481000000000000000e+03 1.681000000000000000e+04
5.794882374300000265e+02 1.497000000000000000e+03 1.697100000000000000e+04 1.476000000000000000e+03 1.482500000000000000e+04 1.498000000000000000e+03 1.691400000000000000e+04
5.798625500000000557e+02 1.487000000000000000e+03 1.703700000000000000e+04 1.475000000000000000e+03 1.493500000000000000e+04 1.499000000000000000e+03 1.693200000000000000e+04
5.802369228300000259e+02 1.483000000000000000e+03 1.709700000000000000e+04 1.479000000000000000e+03 1.489700000000000000e+04 1.502000000000000000e+03 1.710600000000000000e+04
5.806113559200000509e+02 1.491000000000000000e+03 1.736300000000000000e+04 1.487000000000000000e+03 1.508700000000000000e+04 1.506000000000000000e+03 1.717800000000000000e+04
5.809858492700000170e+02 1.503000000000000000e+03 1.740400000000000000e+04 1.491000000000000000e+03 1.521100000000000000e+04 1.502000000000000000e+03 1.731300000000000000e+04
5.813604028800000378e+02 1.452000000000000000e+03 1.748100000000000000e+04 1.444000000000000000e+03 1.524800000000000000e+04 1.458000000000000000e+03 1.726100000000000000e+04
5.817350167499999998e+02 1.468000000000000000e+03 1.746400000000000000e+04 1.466000000000000000e+03 1.526900000000000000e+04 1.475000000000000000e+03 1.740900000000000000e+04
5.821096908800000165e+02 1.487000000000000000e+03 1.760500000000000000e+04 1.480000000000000000e+03 1.535000000000000000e+04 1.492000000000000000e+03 1.751300000000000000e+04
5.824844252699999743e+02 1.480000000000000000e+03 1.766200000000000000e+04 1.471000000000000000e+03 1.540500000000000000e+04 1.476000000000000000e+03 1.760500000000000000e+04
5.828592199199999868e+02 1.464000000000000000e+03 1.762400000000000000e+04 1.463000000000000000e+03 1.537200000000000000e+04 1.479000000000000000e+03 1.750400000000000000e+04
5.832340748300000541e+02 1.510000000000000000e+03 1.781800000000000000e+04 1.501000000000000000e+03 1.550000000000000000e+04 1.506000000000000000e+03 1.773300000000000000e+04
5.836089900000000625e+02 1.497000000000000000e+03 1.776600000000000000e+04 1.490000000000000000e+03 1.549200000000000000e+04 1.509000000000000000e+03 1.773800000000000000e+04
5.839839654300000120e+02 1.484000000000000000e+03 1.784100000000000000e+04 1.486000000000000000e+03 1.556700000000000000e+04 1.491000000000000000e+03 1.776100000000000000e+04
5.843590011200000163e+02 1.484000000000000000e+03 1.796100000000000000e+04 1.475000000000000000e+03 1.569600000000000000e+04 1.500000000000000000e+03 1.794200000000000000e+04
5.847340970699999616e+02 1.495000000000000000e+03 1.813200000000000000e+04 1.489000000000000000e+03 1.577100000000000000e+04 1.502000000000000000e+03 1.807800000000000000e+04
5.851092532800000754e+02 1.503000000000000000e+03 1.821300000000000000e+04 1.496000000000000000e+03 1.586100000000000000e+04 1.524000000000000000e+03 1.814800000000000000e+04
5.854844697500000166e+02 1.534000000000000000e+03 1.825000000000000000e+04 1.526000000000000000e+03 1.591700000000000000e+04 1.554000000000000000e+03 1.821600000000000000e+04
5.858597464800000125e+02 1.501000000000000000e+03 1.829500000000000000e+04 1.487000000000000000e+03 1.596200000000000000e+04 1.507000000000000000e+03 1.820500000000000000e+04
5.862350834700000632e+02 1.525000000000000000e+03 1.834200000000000000e+04 1.497000000000000000e+03 1.600100000000000000e+04 1.532000000000000000e+03 1.823400000000000000e+04
5.866104807200000550e+02 1.469000000000000000e+03 1.839800000000000000e+04 1.472000000000000000e+03 1.602500000000000000e+04 1.482000000000000000e+03 1.833100000000000000e+04
5.869859382299999879e+02 1.517000000000000000e+03 1.848900000000000000e+04 1.483000000000000000e+03 1.611000000000000000e+04 1.518000000000000000e+03 1.840100000000000000e+04
5.873614559999999756e+02 1.497000000000000000e+03 1.857400000000000000e+04 1.490000000000000000e+03 1.623700000000000000e+04 1.523000000000000000e+03 1.852100000000000000e+04
5.877370340300000180e+02 1.469000000000000000e+03 1.861400000000000000e+04 1.464000000000000000e+03 1.622400000000000000e+04 1.491000000000000000e+03 1.857700000000000000e+04
5.881126723200000015e+02 1.478000000000000000e+03 1.870600000000000000e+04 1.474000000000000000e+03 1.629100000000000000e+04 1.500000000000000000e+03 1.869200000000000000e+04
5.884883708700000398e+02 1.469000000000000000e+03 1.872800000000000000e+04 1.468000000000000000e+03 1.637800000000000000e+04 1.482000000000000000e+03 1.869200000000000000e+04
5.888641296800000191e+02 1.478000000000000000e+03 1.862700000000000000e+04 1.475000000000000000e+03 1.634000000000000000e+04 1.495000000000000000e+03 1.869400000000000000e+04
5.892399487500000532e+02 1.503000000000000000e+03 1.881600000000000000e+04 1.502000000000000000e+03 1.641800000000000000e+04 1.513000000000000000e+03 1.877000000000000000e+04
5.896158280800000284e+02 1.534000000000000000e+03 1.887400000000000000e+04 1.522000000000000000e+03 1.658500000000000000e+04 1.542000000000000000e+03 1.884800000000000000e+04
5.899917676700000584e+02 1.512000000000000000e+03 1.890600000000000000e+04 1.496000000000000000e+03 1.658000000000000000e+04 1.504000000000000000e+03 1.892700000000000000e+04
5.903677675200000294e+02 1.461000000000000000e+03 1.889700000000000000e+04 1.467000000000000000e+03 1.653100000000000000e+04 1.481000000000000000e+03 1.883000000000000000e+04
5.907438276300000553e+02 1.485000000000000000e+03 1.904400000000000000e+04 1.475000000000000000e+03 1.660900000000000000e+04 1.490000000000000000e+03 1.901200000000000000e+04
5.911199480000000221e+02 1.472000000000000000e+03 1.915100000000000000e+04 1.454000000000000000e+03 1.670700000000000000e+04 1.471000000000000000e+03 1.912700000000000000e+04
5.914961286300000438e+02 1.482000000000000000e+03 1.915900000000000000e+04 1.478000000000000000e+03 1.679200000000000000e+04 1.477000000000000000e+03 1.922900000000000000e+04
5.918723695200000066e+02 1.467000000000000000e+03 1.927100000000000000e+04 1.459000000000000000e+03 1.687300000000000000e+04 1.476000000000000000e+03 1.929900000000000000e+04
5.922486706700000241e+02 1.489000000000000000e+03 1.940100000000000000e+04 1.473000000000000000e+03 1.695100000000000000e+04 1.500000000000000000e+03 1.934400000000000000e+04
5.926250320799999827e+02 1.454000000000000000e+03 1.940900000000000000e+04 1.453000000000000000e+03 1.699900000000000000e+04 1.462000000000000000e+03 1.933200000000000000e+04
5.930014537499999960e+02 1.483000000000000000e+03 1.943400000000000000e+04 1.477000000000000000e+03 1.696100000000000000e+04 1.495000000000000000e+03 1.929500000000000000e+04
5.933779356800000642e+02 1.465000000000000000e+03 1.942300000000000000e+04 1.465000000000000000e+03 1.701700000000000000e+04 1.475000000000000000e+03 1.944000000000000000e+04
5.937544778700000734e+02 1.461000000000000000e+03 1.952400000000000000e+04 1.449000000000000000e+03 1.705700000000000000e+04 1.466000000000000000e+03 1.948500000000000000e+04
5.941310803200000237e+02 1.438000000000000000e+03 1.953400000000000000e+04 1.436000000000000000e+03 1.709200000000000000e+04 1.462000000000000000e+03 1.950100000000000000e+04
5.945077430300000287e+02 1.473000000000000000e+03 1.961600000000000000e+04 1.475000000000000000e+03 1.716400000000000000e+04 1.487000000000000000e+03 1.960500000000000000e+04
5.948844659999999749e+02 1.463000000000000000e+03 1.967800000000000000e+04 1.470000000000000000e+03 1.720800000000000000e+04 1.469000000000000000e+03 1.965300000000000000e+04
5.952612492299999758e+02 1.480000000000000000e+03 1.974100000000000000e+04 1.486000000000000000e+03 1.717100000000000000e+04 1.488000000000000000e+03 1.960700000000000000e+04
5.956380927200000315e+02 1.454000000000000000e+03 1.983200000000000000e+04 1.450000000000000000e+03 1.725700000000000000e+04 1.462000000000000000e+03 1.975100000000000000e+04
5.960149964700000282e+02 1.483000000000000000e+03 1.985400000000000000e+04 1.477000000000000000e+03 1.732900000000000000e+04 1.484000000000000000e+03 1.987000000000000000e+04
5.963919604799999661e+02 1.453000000000000000e+03 1.998300000000000000e+04 1.437000000000000000e+03 1.739300000000000000e+04 1.446000000000000000e+03 1.984000000000000000e+04
5.967689847500000724e+02 1.434000000000000000e+03 1.989400000000000000e+04 1.434000000000000000e+03 1.736200000000000000e+04 1.446000000000000000e+03 1.988100000000000000e+04
5.971460692800000061e+02 1.467000000000000000e+03 2.012600000000000000e+04 1.474000000000000000e+03 1.746700000000000000e+04 1.480000000000000000e+03 2.011500000000000000e+04
5.975232140699999945e+02 1.476000000000000000e+03 2.014400000000000000e+04 1.474000000000000000e+03 1.749700000000000000e+04 1.485000000000000000e+03 2.004600000000000000e+04
5.979004191200000378e+02 1.437000000000000000e+03 2.012800000000000000e+04 1.445000000000000000e+03 1.751800000000000000e+04 1.451000000000000000e+03 2.002400000000000000e+04
5.982776844300000221e+02 1.450000000000000000e+03 2.014700000000000000e+04 1.450000000000000000e+03 1.760000000000000000e+04 1.458000000000000000e+03 2.009800000000000000e+04
5.986550100000000612e+02 1.426000000000000000e+03 2.020500000000000000e+04 1.432000000000000000e+03 1.761100000000000000e+04 1.437000000000000000e+03 2.017400000000000000e+04
5.990323958300000413e+02 1.452000000000000000e+03 2.026600000000000000e+04 1.444000000000000000e+03 1.770100000000000000e+04 1.458000000000000000e+03 2.026100000000000000e+04
5.994098419199999626e+02 1.439000000000000000e+03 2.027400000000000000e+04 1.447000000000000000e+03 1.772400000000000000e+04 1.455000000000000000e+03 2.029900000000000000e+04
5.997873482700000523e+02 1.456000000000000000e+03 2.026200000000000000e+04 1.458000000000000000e+03 1.777900000000000000e+04 1.476000000000000000e+03 2.017200000000000000e+04
6.001649148799999693e+02 1.477000000000000000e+03 2.038400000000000000e+04 1.479000000000000000e+03 1.773600000000000000e+04 1.488000000000000000e+03 2.045900000000000000e+04
6.005425417500000549e+02 1.441000000000000000e+03 2.043100000000000000e+04 1.444000000000000000e+03 1.782700000000000000e+04 1.446000000000000000e+03 2.042600000000000000e+04
6.009202288799999678e+02 1.445000000000000000e+03 2.050800000000000000e+04 1.450000000000000000e+03 1.783600000000000000e+04 1.456000000000000000e+03 2.040500000000000000e+04
6.012979762700000492e+02 1.456000000000000000e+03 2.041700000000000000e+04 1.458000000000000000e+03 1.787900000000000000e+04 1.462000000000000000e+03 2.048400000000000000e+04
6.016757839200000717e+02 1.432000000000000000e+03 2.049800000000000000e+04 1.432000000000000000e+03 1.771700000000000000e+04 1.447000000000000000e+03 2.038200000000000000e+04
6.020536518300000353e+02 1.447000000000000000e+03 2.059400000000000000e+04 1.446000000000000000e+03 1.787800000000000000e+04 1.461000000000000000e+03 2.058500000000000000e+04
6.024315800000000536e+02 1.422000000000000000e+03 2.072700000000000000e+04 1.416000000000000000e+03 1.802200000000000000e+04 1.437000000000000000e+03 2.056900000000000000e+04
6.028095684300000130e+02 1.458000000000000000e+03 2.074100000000000000e+04 1.456000000000000000e+03 1.805800000000000000e+04 1.467000000000000000e+03 2.058000000000000000e+04
6.031876171200000272e+02 1.435000000000000000e+03 2.079800000000000000e+04 1.435000000000000000e+03 1.807400000000000000e+04 1.435000000000000000e+03 2.069400000000000000e+04
6.035657260699999824e+02 1.452000000000000000e+03 2.080600000000000000e+04 1.449000000000000000e+03 1.810300000000000000e+04 1.458000000000000000e+03 2.076100000000000000e+04
6.039438952799999925e+02 1.456000000000000000e+03 2.087800000000000000e+04 1.448000000000000000e+03 1.817300000000000000e+04 1.457000000000000000e+03 2.080600000000000000e+04
6.043221247500000572e+02 1.472000000000000000e+03 2.094400000000000000e+04 1.472000000000000000e+03 1.820700000000000000e+04 1.482000000000000000e+03 2.076900000000000000e+04
6.047004144800000631e+02 1.456000000000000000e+03 2.087500000000000000e+04 1.457000000000000000e+03 1.816000000000000000e+04 1.449000000000000000e+03 2.074100000000000000e+04
6.050787644700000101e+02 1.478000000000000000e+03 2.083100000000000000e+04 1.471000000000000000e+03 1.816900000000000000e+04 1.473000000000000000e+03 2.069100000000000000e+04
6.054571747200000118e+02 1.447000000000000000e+03 2.081700000000000000e+04 1.461000000000000000e+03 1.804500000000000000e+04 1.461000000000000000e+03 2.072100000000000000e+04
6.058356452299999546e+02 1.474000000000000000e+03 2.086000000000000000e+04 1.471000000000000000e+03 1.819700000000000000e+04 1.481000000000000000e+03 2.083600000000000000e+04
6.062141760000000659e+02 1.461000000000000000e+03 2.096900000000000000e+04 1.460000000000000000e+03 1.824600000000000000e+04 1.468000000000000000e+03 2.089200000000000000e+04
6.065927670300000045e+02 1.496000000000000000e+03 2.109500000000000000e+04 1.483000000000000000e+03 1.828000000000000000e+04 1.502000000000000000e+03 2.097400000000000000e+04
6.069714183199999979e+02 1.474000000000000000e+03 2.117400000000000000e+04 1.461000000000000000e+03 1.836800000000000000e+04 1.468000000000000000e+03 2.108800000000000000e+04
6.073501298700000461e+02 1.468000000000000000e+03 2.117500000000000000e+04 1.451000000000000000e+03 1.845100000000000000e+04 1.476000000000000000e+03 2.106400000000000000e+04
6.077289016800000354e+02 1.492000000000000000e+03 2.134200000000000000e+04 1.485000000000000000e+03 1.855700000000000000e+04 1.504000000000000000e+03 2.123300000000000000e+04
6.081077337499999658e+02 1.535000000000000000e+03 2.145600000000000000e+04 1.509000000000000000e+03 1.870500000000000000e+04 1.538000000000000000e+03 2.138700000000000000e+04
6.084866260800000646e+02 1.592000000000000000e+03 2.153100000000000000e+04 1.570000000000000000e+03 1.867300000000000000e+04 1.616000000000000000e+03 2.144500000000000000e+04
6.088655786699999908e+02 1.605000000000000000e+03 2.147500000000000000e+04 1.546000000000000000e+03 1.868300000000000000e+04 1.605000000000000000e+03 2.147500000000000000e+04
6.092445915199999718e+02 1.612000000000000000e+03 2.156500000000000000e+04 1.575000000000000000e+03 1.870300000000000000e+04 1.627000000000000000e+03 2.145300000000000000e+04
6.096236646300000075e+02 1.623000000000000000e+03 2.157500000000000000e+04 1.575000000000000000e+03 1.873800000000000000e+04 1.642000000000000000e+03 2.141200000000000000e+04
6.100027979999999843e+02 1.634000000000000000e+03 2.164000000000000000e+04 1.587000000000000000e+03 1.875100000000000000e+04 1.651000000000000000e+03 2.154000000000000000e+04
6.103819916300000159e+02 1.637000000000000000e+03 2.164900000000000000e+04 1.574000000000000000e+03 1.874100000000000000e+04 1.642000000000000000e+03 2.163500000000000000e+04
6.107612455199999886e+02 1.644000000000000000e+03 2.159400000000000000e+04 1.582000000000000000e+03 1.875500000000000000e+04 1.630000000000000000e+03 2.161100000000000000e+04
6.111405596700000160e+02 1.655000000000000000e+03 2.166000000000000000e+04 1.608000000000000000e+03 1.885600000000000000e+04 1.666000000000000000e+03 2.167400000000000000e+04
6.115199340799999845e+02 1.619000000000000000e+03 2.168500000000000000e+04 1.577000000000000000e+03 1.886500000000000000e+04 1.647000000000000000e+03 2.162400000000000000e+04
6.118993687500000078e+02 1.642000000000000000e+03 2.171300000000000000e+04 1.602000000000000000e+03 1.891700000000000000e+04 1.653000000000000000e+03 2.166400000000000000e+04
6.122788636799999722e+02 1.669000000000000000e+03 2.169500000000000000e+04 1.609000000000000000e+03 1.887800000000000000e+04 1.678000000000000000e+03 2.167300000000000000e+04
6.126584188699999913e+02 1.675000000000000000e+03 2.171700000000000000e+04 1.623000000000000000e+03 1.886100000000000000e+04 1.697000000000000000e+03 2.163700000000000000e+04
6.130380343200000652e+02 1.658000000000000000e+03 2.178100000000000000e+04 1.593000000000000000e+03 1.885300000000000000e+04 1.655000000000000000e+03 2.167900000000000000e+04
6.134177100299999665e+02 1.665000000000000000e+03 2.183600000000000000e+04 1.600000000000000000e+03 1.898800000000000000e+04 1.668000000000000000e+03 2.166900000000000000e+04
6.137974460000000363e+02 1.619000000000000000e+03 2.185100000000000000e+04 1.573000000000000000e+03 1.893600000000000000e+04 1.640000000000000000e+03 2.180000000000000000e+04
6.141772422300000471e+02 1.612000000000000000e+03 2.183600000000000000e+04 1.562000000000000000e+03 1.903000000000000000e+04 1.610000000000000000e+03 2.182000000000000000e+04
6.145570987199999990e+02 1.560000000000000000e+03 2.195100000000000000e+04 1.530000000000000000e+03 1.915500000000000000e+04 1.566000000000000000e+03 2.191500000000000000e+04
6.149370154700000057e+02 1.560000000000000000e+03 2.202300000000000000e+04 1.535000000000000000e+03 1.917900000000000000e+04 1.564000000000000000e+03 2.195400000000000000e+04
6.153169924799999535e+02 1.508000000000000000e+03 2.199600000000000000e+04 1.499000000000000000e+03 1.917500000000000000e+04 1.530000000000000000e+03 2.187000000000000000e+04
6.156970297500000697e+02 1.532000000000000000e+03 2.205500000000000000e+04 1.519000000000000000e+03 1.921600000000000000e+04 1.553000000000000000e+03 2.197500000000000000e+04
6.160771272800000133e+02 1.505000000000000000e+03 2.213700000000000000e+04 1.496000000000000000e+03 1.919400000000000000e+04 1.517000000000000000e+03 2.214000000000000000e+04
6.164572850700000117e+02 1.521000000000000000e+03 2.210200000000000000e+04 1.516000000000000000e+03 1.922400000000000000e+04 1.548000000000000000e+03 2.201900000000000000e+04
6.168375031200000649e+02 1.480000000000000000e+03 2.207600000000000000e+04 1.470000000000000000e+03 1.927500000000000000e+04 1.482000000000000000e+03 2.202700000000000000e+04
6.172177814300000591e+02 1.514000000000000000e+03 2.220500000000000000e+04 1.500000000000000000e+03 1.934400000000000000e+04 1.531000000000000000e+03 2.215100000000000000e+04
6.175981199999999944e+02 1.489000000000000000e+03 2.218300000000000000e+04 1.481000000000000000e+03 1.920300000000000000e+04 1.517000000000000000e+03 2.206300000000000000e+04
6.179785188299999845e+02 1.497000000000000000e+03 2.214800000000000000e+04 1.495000000000000000e+03 1.927000000000000000e+04 1.508000000000000000e+03 2.205100000000000000e+04
6.183589779200000294e+02 1.487000000000000000e+03 2.213600000000000000e+04 1.476000000000000000e+03 1.924400000000000000e+04 1.494000000000000000e+03 2.221900000000000000e+04
6.187394972700000153e+02 1.502000000000000000e+03 2.231800000000000000e+04 1.495000000000000000e+03 1.936100000000000000e+04 1.521000000000000000e+03 2.215200000000000000e+04
6.191200768800000560e+02 1.471000000000000000e+03 2.226800000000000000e+04 1.462000000000000000e+03 1.926300000000000000e+04 1.485000000000000000e+03 2.223200000000000000e+04
6.195007167500000378e+02 1.506000000000000000e+03 2.237800000000000000e+04 1.497000000000000000e+03 1.947100000000000000e+04 1.518000000000000000e+03 2.234100000000000000e+04
6.198814168799999607e+02 1.480000000000000000e+03 2.225000000000000000e+04 1.463000000000000000e+03 1.945200000000000000e+04 1.473000000000000000e+03 2.229400000000000000e+04
6.202621772700000520e+02 1.487000000000000000e+03 2.238900000000000000e+04 1.482000000000000000e+03 1.950400000000000000e+04 1.497000000000000000e+03 2.232700000000000000e+04
6.206429979199999707e+02 1.501000000000000000e+03 2.249600000000000000e+04 1.491000000000000000e+03 1.953700000000000000e+04 1.504000000000000000e+03 2.238400000000000000e+04
6.210238788300000579e+02 1.467000000000000000e+03 2.249100000000000000e+04 1.463000000000000000e+03 1.950700000000000000e+04 1.469000000000000000e+03 2.241800000000000000e+04
6.214048199999999724e+02 1.489000000000000000e+03 2.264100000000000000e+04 1.486000000000000000e+03 1.951000000000000000e+04 1.513000000000000000e+03 2.250800000000000000e+04
6.217858214300000554e+02 1.479000000000000000e+03 2.262200000000000000e+04 1.484000000000000000e+03 1.968300000000000000e+04 1.486000000000000000e+03 2.257000000000000000e+04
6.221668831199999659e+02 1.478000000000000000e+03 2.256600000000000000e+04 1.482000000000000000e+03 1.970600000000000000e+04 1.486000000000000000e+03 2.263300000000000000e+04
6.225480050700000447e+02 1.498000000000000000e+03 2.272300000000000000e+04 1.489000000000000000e+03 1.971300000000000000e+04 1.504000000000000000e+03 2.262700000000000000e+04
6.229291872799999510e+02 1.471000000000000000e+03 2.271900000000000000e+04 1.449000000000000000e+03 1.963400000000000000e+04 1.477000000000000000e+03 2.259400000000000000e+04
6.233104297500000257e+02 1.487000000000000000e+03 2.263700000000000000e+04 1.473000000000000000e+03 1.968800000000000000e+04 1.498000000000000000e+03 2.263800000000000000e+04
6.236917324800000415e+02 1.515000000000000000e+03 2.265700000000000000e+04 1.507000000000000000e+03 1.980800000000000000e+04 1.518000000000000000e+03 2.262900000000000000e+04
6.240730954699999984e+02 1.479000000000000000e+03 2.286200000000000000e+04 1.468000000000000000e+03 1.984900000000000000e+04 1.477000000000000000e+03 2.281400000000000000e+04
6.244545187200000100e+02 1.487000000000000000e+03 2.284500000000000000e+04 1.477000000000000000e+03 1.988800000000000000e+04 1.493000000000000000e+03 2.279700000000000000e+04
6.248360022300000765e+02 1.488000000000000000e+03 2.295300000000000000e+04 1.479000000000000000e+03 1.982500000000000000e+04 1.504000000000000000e+03 2.289200000000000000e+04
6.252175460000000839e+02 1.452000000000000000e+03 2.288100000000000000e+04 1.463000000000000000e+03 1.989200000000000000e+04 1.485000000000000000e+03 2.285700000000000000e+04
6.255991500300000325e+02 1.488000000000000000e+03 2.283300000000000000e+04 1.484000000000000000e+03 1.990200000000000000e+04 1.495000000000000000e+03 2.286500000000000000e+04
6.259808143200000359e+02 1.451000000000000000e+03 2.282700000000000000e+04 1.461000000000000000e+03 1.979500000000000000e+04 1.472000000000000000e+03 2.279800000000000000e+04
6.263625388699999803e+02 1.520000000000000000e+03 2.289100000000000000e+04 1.516000000000000000e+03 1.991000000000000000e+04 1.525000000000000000e+03 2.285600000000000000e+04
6.267443236799999795e+02 1.516000000000000000e+03 2.295100000000000000e+04 1.507000000000000000e+03 2.003800000000000000e+04 1.516000000000000000e+03 2.296400000000000000e+04
6.271261687500000335e+02 1.478000000000000000e+03 2.299600000000000000e+04 1.473000000000000000e+03 2.005900000000000000e+04 1.475000000000000000e+03 2.290400000000000000e+04
6.275080740800000285e+02 1.472000000000000000e+03 2.312700000000000000e+04 1.465000000000000000e+03 2.008300000000000000e+04 1.474000000000000000e+03 2.303400000000000000e+04
6.278900396700000783e+02 1.461000000000000000e+03 2.315200000000000000e+04 1.461000000000000000e+03 2.012400000000000000e+04 1.480000000000000000e+03 2.312000000000000000e+04
6.282720655200000692e+02 1.442000000000000000e+03 2.326600000000000000e+04 1.435000000000000000e+03 2.021200000000000000e+04 1.449000000000000000e+03 2.311100000000000000e+04
6.286541516300000012e+02 1.492000000000000000e+03 2.335300000000000000e+04 1.489000000000000000e+03 2.037200000000000000e+04 1.499000000000000000e+03 2.336200000000000000e+04
6.290362979999999880e+02 1.468000000000000000e+03 2.344600000000000000e+04 1.474000000000000000e+03 2.037900000000000000e+04 1.479000000000000000e+03 2.335300000000000000e+04
6.294185046300000295e+02 1.499000000000000000e+03 2.339500000000000000e+04 1.490000000000000000e+03 2.040500000000000000e+04 1.516000000000000000e+03 2.341500000000000000e+04
6.298007715200000121e+02 1.453000000000000000e+03 2.330000000000000000e+04 1.453000000000000000e+03 2.038500000000000000e+04 1.474000000000000000e+03 2.334800000000000000e+04
6.301830986699999357e+02 1.482000000000000000e+03 2.343300000000000000e+04 1.483000000000000000e+03 2.031800000000000000e+04 1.491000000000000000e+03 2.329600000000000000e+04
6.305654860800000279e+02 1.489000000000000000e+03 2.346000000000000000e+04 1.481000000000000000e+03 2.037000000000000000e+04 1.500000000000000000e+03 2.339000000000000000e+04
6.309479337499999474e+02 1.497000000000000000e+03 2.343800000000000000e+04 1.485000000000000000e+03 2.044300000000000000e+04 1.497000000000000000e+03 2.347700000000000000e+04
6.313304416800000354e+02 1.488000000000000000e+03 2.359900000000000000e+04 1.483000000000000000e+03 2.058100000000000000e+04 1.505000000000000000e+03 2.349600000000000000e+04
6.317130098700000644e+02 1.492000000000000000e+03 2.375400000000000000e+04 1.484000000000000000e+03 2.062000000000000000e+04 1.507000000000000000e+03 2.360100000000000000e+04
6.320956383200000346e+02 1.491000000000000000e+03 2.369100000000000000e+04 1.491000000000000000e+03 2.055600000000000000e+04 1.498000000000000000e+03 2.362500000000000000e+04
6.324783270299999458e+02 1.473000000000000000e+03 2.373200000000000000e+04 1.465000000000000000e+03 2.054800000000000000e+04 1.471000000000000000e+03 2.367400000000000000e+04
6.328610760000000255e+02 1.451000000000000000e+03 2.374000000000000000e+04 1.439000000000000000e+03 2.063000000000000000e+04 1.448000000000000000e+03 2.364600000000000000e+04
6.332438852300000462e+02 1.451000000000000000e+03 2.383900000000000000e+04 1.451000000000000000e+03 2.070200000000000000e+04 1.461000000000000000e+03 2.382900000000000000e+04
6.336267547200000081e+02 1.492000000000000000e+03 2.381700000000000000e+04 1.485000000000000000e+03 2.075000000000000000e+04 1.501000000000000000e+03 2.377100000000000000e+04
6.340096844700000247e+02 1.472000000000000000e+03 2.383200000000000000e+04 1.478000000000000000e+03 2.073100000000000000e+04 1.487000000000000000e+03 2.371800000000000000e+04
6.343926744799999824e+02 1.467000000000000000e+03 2.389700000000000000e+04 1.484000000000000000e+03 2.079800000000000000e+04 1.480000000000000000e+03 2.376700000000000000e+04
6.347757247499999949e+02 1.481000000000000000e+03 2.387900000000000000e+04 1.495000000000000000e+03 2.073700000000000000e+04 1.492000000000000000e+03 2.381000000000000000e+04
6.351588352799999484e+02 1.461000000000000000e+03 2.402900000000000000e+04 1.463000000000000000e+03 2.083100000000000000e+04 1.471000000000000000e+03 2.402800000000000000e+04
6.355420060700000704e+02 1.466000000000000000e+03 2.416300000000000000e+04 1.473000000000000000e+03 2.100200000000000000e+04 1.467000000000000000e+03 2.415600000000000000e+04
6.359252371200000198e+02 1.463000000000000000e+03 2.416300000000000000e+04 1.466000000000000000e+03 2.102800000000000000e+04 1.471000000000000000e+03 2.419600000000000000e+04
6.363085284300000239e+02 1.447000000000000000e+03 2.418600000000000000e+04 1.448000000000000000e+03 2.103000000000000000e+04 1.459000000000000000e+03 2.411300000000000000e+04
6.366918799999999692e+02 1.457000000000000000e+03 2.441500000000000000e+04 1.454000000000000000e+03 2.114400000000000000e+04 1.477000000000000000e+03 2.424100000000000000e+04
6.370752918299999692e+02 1.471000000000000000e+03 2.439000000000000000e+04 1.475000000000000000e+03 2.120700000000000000e+04 1.480000000000000000e+03 2.425500000000000000e+04
6.374587639200000240e+02 1.442000000000000000e+03 2.438500000000000000e+04 1.460000000000000000e+03 2.117400000000000000e+04 1.459000000000000000e+03 2.430900000000000000e+04
6.378422962700000198e+02 1.444000000000000000e+03 2.457100000000000000e+04 1.450000000000000000e+03 2.119400000000000000e+04 1.461000000000000000e+03 2.442000000000000000e+04
6.382258888799999568e+02 1.455000000000000000e+03 2.440800000000000000e+04 1.469000000000000000e+03 2.120500000000000000e+04 1.465000000000000000e+03 2.426700000000000000e+04
6.386095417500000622e+02 1.460000000000000000e+03 2.455000000000000000e+04 1.472000000000000000e+03 2.128300000000000000e+04 1.480000000000000000e+03 2.446400000000000000e+04
6.389932548799999950e+02 1.450000000000000000e+03 2.450700000000000000e+04 1.446000000000000000e+03 2.128300000000000000e+04 1.458000000000000000e+03 2.448700000000000000e+04
6.393770282699999825e+02 1.463000000000000000e+03 2.465800000000000000e+04 1.467000000000000000e+03 2.134200000000000000e+04 1.483000000000000000e+03 2.454300000000000000e+04
6.397608619200000248e+02 1.447000000000000000e+03 2.447100000000000000e+04 1.446000000000000000e+03 2.120700000000000000e+04 1.457000000000000000e+03 2.439000000000000000e+04
6.401447558300000082e+02 1.474000000000000000e+03 2.454700000000000000e+04 1.468000000000000000e+03 2.134500000000000000e+04 1.482000000000000000e+03 2.445400000000000000e+04
6.405287100000000464e+02 1.474000000000000000e+03 2.470800000000000000e+04 1.487000000000000000e+03 2.150400000000000000e+04 1.487000000000000000e+03 2.467400000000000000e+04
6.409127244300000257e+02 1.482000000000000000e+03 2.476400000000000000e+04 1.489000000000000000e+03 2.160100000000000000e+04 1.498000000000000000e+03 2.469000000000000000e+04
6.412967991200000597e+02 1.480000000000000000e+03 2.492300000000000000e+04 1.482000000000000000e+03 2.157700000000000000e+04 1.489000000000000000e+03 2.477000000000000000e+04
6.416809340700000348e+02 1.461000000000000000e+03 2.491900000000000000e+04 1.468000000000000000e+03 2.162700000000000000e+04 1.471000000000000000e+03 2.479500000000000000e+04
6.420651292800000647e+02 1.484000000000000000e+03 2.501100000000000000e+04 1.488000000000000000e+03 2.174500000000000000e+04 1.482000000000000000e+03 2.483600000000000000e+04
6.424493847500000356e+02 1.463000000000000000e+03 2.511000000000000000e+04 1.474000000000000000e+03 2.169900000000000000e+04 1.471000000000000000e+03 2.496400000000000000e+04
6.428337004800000614e+02 1.456000000000000000e+03 2.501800000000000000e+04 1.469000000000000000e+03 2.170800000000000000e+04 1.471000000000000000e+03 2.491700000000000000e+04
6.432180764700000282e+02 1.444000000000000000e+03 2.516000000000000000e+04 1.452000000000000000e+03 2.181100000000000000e+04 1.452000000000000000e+03 2.501100000000000000e+04
6.436025127200000497e+02 1.454000000000000000e+03 2.512800000000000000e+04 1.461000000000000000e+03 2.184800000000000000e+04 1.466000000000000000e+03 2.507700000000000000e+04
6.439870092300000124e+02 1.467000000000000000e+03 2.518500000000000000e+04 1.479000000000000000e+03 2.192000000000000000e+04 1.484000000000000000e+03 2.515500000000000000e+04
6.443715660000000298e+02 1.446000000000000000e+03 2.536500000000000000e+04 1.450000000000000000e+03 2.205400000000000000e+04 1.457000000000000000e+03 2.534900000000000000e+04
6.447561830299999883e+02 1.492000000000000000e+03 2.544800000000000000e+04 1.491000000000000000e+03 2.213000000000000000e+04 1.510000000000000000e+03 2.536000000000000000e+04
6.451408603200000016e+02 1.421000000000000000e+03 2.536400000000000000e+04 1.422000000000000000e+03 2.218600000000000000e+04 1.430000000000000000e+03 2.533700000000000000e+04
6.455255978699999559e+02 1.438000000000000000e+03 2.549700000000000000e+04 1.454000000000000000e+03 2.215300000000000000e+04 1.446000000000000000e+03 2.542700000000000000e+04
6.459103956799999651e+02 1.474000000000000000e+03 2.557100000000000000e+04 1.468000000000000000e+03 2.220800000000000000e+04 1.484000000000000000e+03 2.551400000000000000e+04
6.462952537500000290e+02 1.479000000000000000e+03 2.563400000000000000e+04 1.483000000000000000e+03 2.225300000000000000e+04 1.490000000000000000e+03 2.553400000000000000e+04
6.466801720800000339e+02 1.484000000000000000e+03 2.565700000000000000e+04 1.475000000000000000e+03 2.222700000000000000e+04 1.485000000000000000e+03 2.558700000000000000e+04
6.470651506700000937e+02 1.481000000000000000e+03 2.566000000000000000e+04 1.497000000000000000e+03 2.230000000000000000e+04 1.494000000000000000e+03 2.574400000000000000e+04
6.474501895200000945e+02 1.473000000000000000e+03 2.570600000000000000e+04 1.477000000000000000e+03 2.238700000000000000e+04 1.485000000000000000e+03 2.567500000000000000e+04
6.478352886300000364e+02 1.474000000000000000e+03 2.581800000000000000e+04 1.489000000000000000e+03 2.246300000000000000e+04 1.486000000000000000e+03 2.576100000000000000e+04
6.482204480000000331e+02 1.507000000000000000e+03 2.609700000000000000e+04 1.516000000000000000e+03 2.255900000000000000e+04 1.522000000000000000e+03 2.593200000000000000e+04
6.486056676299999708e+02 1.489000000000000000e+03 2.618500000000000000e+04 1.486000000000000000e+03 2.268000000000000000e+04 1.495000000000000000e+03 2.612600000000000000e+04
6.489909475199999633e+02 1.468000000000000000e+03 2.603300000000000000e+04 1.470000000000000000e+03 2.259400000000000000e+04 1.478000000000000000e+03 2.612800000000000000e+04
6.493762876700000106e+02 1.453000000000000000e+03 2.616100000000000000e+04 1.459000000000000000e+03 2.268400000000000000e+04 1.465000000000000000e+03 2.607600000000000000e+04
6.497616880799999990e+02 1.453000000000000000e+03 2.623800000000000000e+04 1.456000000000000000e+03 2.275600000000000000e+04 1.453000000000000000e+03 2.626200000000000000e+04
6.501471487500000421e+02 1.456000000000000000e+03 2.641300000000000000e+04 1.467000000000000000e+03 2.288300000000000000e+04 1.458000000000000000e+03 2.629200000000000000e+04
6.505326696800000263e+02 1.476000000000000000e+03 2.652000000000000000e+04 1.472000000000000000e+03 2.284400000000000000e+04 1.480000000000000000e+03 2.647000000000000000e+04
6.509182508700000653e+02 1.442000000000000000e+03 2.645600000000000000e+04 1.443000000000000000e+03 2.306300000000000000e+04 1.466000000000000000e+03 2.645400000000000000e+04
6.513038923200000454e+02 1.473000000000000000e+03 2.661700000000000000e+04 1.473000000000000000e+03 2.307900000000000000e+04 1.475000000000000000e+03 2.653400000000000000e+04
6.516895940300000802e+02 1.486000000000000000e+03 2.665200000000000000e+04 1.486000000000000000e+03 2.304200000000000000e+04 1.503000000000000000e+03 2.660600000000000000e+04
6.520753560000000562e+02 1.463000000000000000e+03 2.674400000000000000e+04 1.460000000000000000e+03 2.313600000000000000e+04 1.460000000000000000e+03 2.661800000000000000e+04
6.524611782299999732e+02 1.483000000000000000e+03 2.690900000000000000e+04 1.496000000000000000e+03 2.321000000000000000e+04 1.508000000000000000e+03 2.675400000000000000e+04
6.528470607199999449e+02 1.468000000000000000e+03 2.694100000000000000e+04 1.462000000000000000e+03 2.334100000000000000e+04 1.481000000000000000e+03 2.678300000000000000e+04
6.532330034700000851e+02 1.462000000000000000e+03 2.691200000000000000e+04 1.473000000000000000e+03 2.341400000000000000e+04 1.471000000000000000e+03 2.690800000000000000e+04
6.536190064800000528e+02 1.448000000000000000e+03 2.691100000000000000e+04 1.457000000000000000e+03 2.332500000000000000e+04 1.457000000000000000e+03 2.689900000000000000e+04
6.540050697500000751e+02 1.470000000000000000e+03 2.708100000000000000e+04 1.466000000000000000e+03 2.349000000000000000e+04 1.473000000000000000e+03 2.702500000000000000e+04
6.543911932800000386e+02 1.462000000000000000e+03 2.719300000000000000e+04 1.460000000000000000e+03 2.362400000000000000e+04 1.469000000000000000e+03 2.712300000000000000e+04
6.547773770700000568e+02 1.478000000000000000e+03 2.738700000000000000e+04 1.486000000000000000e+03 2.371000000000000000e+04 1.490000000000000000e+03 2.736500000000000000e+04
6.551636211200000162e+02 1.444000000000000000e+03 2.749300000000000000e+04 1.455000000000000000e+03 2.375800000000000000e+04 1.460000000000000000e+03 2.731500000000000000e+04
6.555499254300000302e+02 1.457000000000000000e+03 2.750100000000000000e+04 1.465000000000000000e+03 2.385900000000000000e+04 1.462000000000000000e+03 2.738900000000000000e+04
6.559362899999999854e+02 1.459000000000000000e+03 2.749800000000000000e+04 1.459000000000000000e+03 2.390300000000000000e+04 1.466000000000000000e+03 2.747100000000000000e+04
6.563227148299999953e+02 1.456000000000000000e+03 2.759500000000000000e+04 1.470000000000000000e+03 2.397200000000000000e+04 1.482000000000000000e+03 2.755800000000000000e+04
6.567091999200000600e+02 1.468000000000000000e+03 2.762000000000000000e+04 1.480000000000000000e+03 2.383100000000000000e+04 1.492000000000000000e+03 2.758400000000000000e+04
6.570957452699999521e+02 1.467000000000000000e+03 2.764000000000000000e+04 1.469000000000000000e+03 2.399500000000000000e+04 1.467000000000000000e+03 2.753200000000000000e+04
6.574823508800000127e+02 1.480000000000000000e+03 2.770500000000000000e+04 1.478000000000000000e+03 2.410200000000000000e+04 1.472000000000000000e+03 2.770400000000000000e+04
6.578690167500000143e+02 1.486000000000000000e+03 2.776100000000000000e+04 1.492000000000000000e+03 2.413400000000000000e+04 1.489000000000000000e+03 2.776400000000000000e+04
6.582557428800000707e+02 1.463000000000000000e+03 2.792500000000000000e+04 1.468000000000000000e+03 2.422500000000000000e+04 1.468000000000000000e+03 2.786500000000000000e+04
6.586425292700000682e+02 1.464000000000000000e+03 2.806000000000000000e+04 1.465000000000000000e+03 2.433200000000000000e+04 1.469000000000000000e+03 2.810000000000000000e+04
6.590293759200000068e+02 1.469000000000000000e+03 2.810900000000000000e+04 1.473000000000000000e+03 2.441100000000000000e+04 1.482000000000000000e+03 2.806800000000000000e+04
6.594162828300000001e+02 1.468000000000000000e+03 2.816000000000000000e+04 1.472000000000000000e+03 2.443700000000000000e+04 1.473000000000000000e+03 2.812700000000000000e+04
6.598032500000000482e+02 1.480000000000000000e+03 2.832100000000000000e+04 1.484000000000000000e+03 2.459900000000000000e+04 1.491000000000000000e+03 2.825600000000000000e+04
6.601902774300000374e+02 1.470000000000000000e+03 2.845900000000000000e+04 1.479000000000000000e+03 2.464400000000000000e+04 1.489000000000000000e+03 2.842700000000000000e+04
6.605773651199999676e+02 1.450000000000000000e+03 2.858400000000000000e+04 1.457000000000000000e+03 2.477600000000000000e+04 1.464000000000000000e+03 2.853000000000000000e+04
6.609645130700000664e+02 1.460000000000000000e+03 2.864300000000000000e+04 1.451000000000000000e+03 2.487300000000000000e+04 1.469000000000000000e+03 2.857400000000000000e+04
6.613517212799999925e+02 1.454000000000000000e+03 2.880500000000000000e+04 1.463000000000000000e+03 2.487200000000000000e+04 1.474000000000000000e+03 2.869800000000000000e+04
6.617389897499999734e+02 1.468000000000000000e+03 2.891100000000000000e+04 1.479000000000000000e+03 2.503200000000000000e+04 1.487000000000000000e+03 2.884800000000000000e+04
6.621263184800000090e+02 1.471000000000000000e+03 2.913300000000000000e+04 1.482000000000000000e+03 2.522000000000000000e+04 1.486000000000000000e+03 2.892600000000000000e+04
6.625137074699999857e+02 1.464000000000000000e+03 2.923800000000000000e+04 1.482000000000000000e+03 2.546400000000000000e+04 1.484000000000000000e+03 2.917300000000000000e+04
6.629011567200000172e+02 1.458000000000000000e+03 2.921800000000000000e+04 1.474000000000000000e+03 2.529700000000000000e+04 1.477000000000000000e+03 2.922200000000000000e+04
6.632886662299999898e+02 1.475000000000000000e+03 2.942700000000000000e+04 1.483000000000000000e+03 2.542600000000000000e+04 1.497000000000000000e+03 2.927600000000000000e+04
6.636762360000000172e+02 1.457000000000000000e+03 2.943600000000000000e+04 1.468000000000000000e+03 2.549000000000000000e+04 1.473000000000000000e+03 2.933600000000000000e+04
6.640638660299999856e+02 1.513000000000000000e+03 2.940400000000000000e+04 1.503000000000000000e+03 2.553800000000000000e+04 1.521000000000000000e+03 2.935200000000000000e+04
6.644515563200000088e+02 1.459000000000000000e+03 2.934700000000000000e+04 1.461000000000000000e+03 2.551400000000000000e+04 1.482000000000000000e+03 2.927100000000000000e+04
6.648393068699999731e+02 1.459000000000000000e+03 2.967600000000000000e+04 1.462000000000000000e+03 2.579400000000000000e+04 1.473000000000000000e+03 2.962900000000000000e+04
6.652271176799999921e+02 1.454000000000000000e+03 2.982600000000000000e+04 1.464000000000000000e+03 2.585100000000000000e+04 1.462000000000000000e+03 2.969000000000000000e+04
6.656149887500000659e+02 1.475000000000000000e+03 3.009000000000000000e+04 1.474000000000000000e+03 2.606300000000000000e+04 1.481000000000000000e+03 2.996700000000000000e+04
6.660029200799999671e+02 1.461000000000000000e+03 3.009200000000000000e+04 1.471000000000000000e+03 2.607400000000000000e+04 1.471000000000000000e+03 3.004300000000000000e+04
6.663909116700000368e+02 1.476000000000000000e+03 3.020700000000000000e+04 1.485000000000000000e+03 2.616700000000000000e+04 1.484000000000000000e+03 3.018100000000000000e+04
6.667789635200000475e+02 1.451000000000000000e+03 3.032600000000000000e+04 1.465000000000000000e+03 2.621900000000000000e+04 1.464000000000000000e+03 3.014400000000000000e+04
6.671670756299999994e+02 1.466000000000000000e+03 3.035400000000000000e+04 1.463000000000000000e+03 2.622600000000000000e+04 1.472000000000000000e+03 3.022200000000000000e+04
6.675552480000000060e+02 1.445000000000000000e+03 3.050100000000000000e+04 1.445000000000000000e+03 2.629700000000000000e+04 1.453000000000000000e+03 3.039200000000000000e+04
6.679434806300000673e+02 1.469000000000000000e+03 3.062200000000000000e+04 1.473000000000000000e+03 2.641200000000000000e+04 1.476000000000000000e+03 3.051500000000000000e+04
6.683317735200000698e+02 1.449000000000000000e+03 3.060200000000000000e+04 1.459000000000000000e+03 2.645300000000000000e+04 1.463000000000000000e+03 3.058700000000000000e+04
6.687201266700000133e+02 1.453000000000000000e+03 3.092800000000000000e+04 1.470000000000000000e+03 2.674700000000000000e+04 1.475000000000000000e+03 3.088200000000000000e+04
6.691085400800000116e+02 1.458000000000000000e+03 3.088300000000000000e+04 1.452000000000000000e+03 2.678700000000000000e+04 1.468000000000000000e+03 3.093400000000000000e+04
6.694970137500000646e+02 1.467000000000000000e+03 3.123500000000000000e+04 1.458000000000000000e+03 2.714600000000000000e+04 1.472000000000000000e+03 3.122400000000000000e+04
6.698855476799999451e+02 1.460000000000000000e+03 3.135400000000000000e+04 1.457000000000000000e+03 2.719000000000000000e+04 1.469000000000000000e+03 3.128800000000000000e+04
6.702741418699999940e+02 1.429000000000000000e+03 3.128200000000000000e+04 1.433000000000000000e+03 2.721500000000000000e+04 1.446000000000000000e+03 3.128700000000000000e+04
6.706627963199999840e+02 1.451000000000000000e+03 3.154600000000000000e+04 1.448000000000000000e+03 2.728700000000000000e+04 1.466000000000000000e+03 3.150700000000000000e+04
6.710515110300000288e+02 1.469000000000000000e+03 3.165000000000000000e+04 1.466000000000000000e+03 2.734800000000000000e+04 1.484000000000000000e+03 3.159400000000000000e+04
6.714402860000000146e+02 1.462000000000000000e+03 3.181500000000000000e+04 1.465000000000000000e+03 2.754300000000000000e+04 1.473000000000000000e+03 3.181000000000000000e+04
6.718291212300000552e+02 1.485000000000000000e+03 3.188900000000000000e+04 1.484000000000000000e+03 2.747300000000000000e+04 1.502000000000000000e+03 3.184200000000000000e+04
6.722180167200000369e+02 1.474000000000000000e+03 3.208000000000000000e+04 1.484000000000000000e+03 2.772000000000000000e+04 1.477000000000000000e+03 3.211000000000000000e+04
6.726069724700000734e+02 1.460000000000000000e+03 3.213800000000000000e+04 1.468000000000000000e+03 2.788900000000000000e+04 1.471000000000000000e+03 3.219500000000000000e+04
6.729959884800000509e+02 1.450000000000000000e+03 3.230600000000000000e+04 1.446000000000000000e+03 2.786200000000000000e+04 1.452000000000000000e+03 3.212800000000000000e+04
6.733850647499999695e+02 1.437000000000000000e+03 3.253500000000000000e+04 1.438000000000000000e+03 2.816500000000000000e+04 1.443000000000000000e+03 3.244100000000000000e+04
6.737742012800000566e+02 1.423000000000000000e+03 3.260200000000000000e+04 1.438000000000000000e+03 2.821400000000000000e+04 1.429000000000000000e+03 3.251800000000000000e+04
6.741633980700000848e+02 1.437000000000000000e+03 3.277200000000000000e+04 1.444000000000000000e+03 2.834500000000000000e+04 1.453000000000000000e+03 3.273400000000000000e+04
6.745526551200000540e+02 1.420000000000000000e+03 3.278900000000000000e+04 1.428000000000000000e+03 2.838300000000000000e+04 1.438000000000000000e+03 3.274500000000000000e+04
6.749419724300000780e+02 1.427000000000000000e+03 3.304800000000000000e+04 1.441000000000000000e+03 2.853200000000000000e+04 1.446000000000000000e+03 3.297500000000000000e+04
6.753313500000000431e+02 1.445000000000000000e+03 3.292200000000000000e+04 1.447000000000000000e+03 2.856000000000000000e+04 1.457000000000000000e+03 3.313000000000000000e+04
6.757207878300000630e+02 1.454000000000000000e+03 3.311400000000000000e+04 1.466000000000000000e+03 2.866800000000000000e+04 1.464000000000000000e+03 3.304300000000000000e+04
6.761102859200000239e+02 1.429000000000000000e+03 3.315800000000000000e+04 1.443000000000000000e+03 2.870100000000000000e+04 1.444000000000000000e+03 3.312000000000000000e+04
6.764998442700000396e+02 1.482000000000000000e+03 3.343700000000000000e+04 1.488000000000000000e+03 2.883900000000000000e+04 1.495000000000000000e+03 3.332800000000000000e+04
6.768894628799999964e+02 1.464000000000000000e+03 3.340600000000000000e+04 1.461000000000000000e+03 2.882100000000000000e+04 1.480000000000000000e+03 3.328400000000000000e+04
6.772791417500000080e+02 1.436000000000000000e+03 3.358500000000000000e+04 1.450000000000000000e+03 2.892000000000000000e+04 1.452000000000000000e+03 3.350200000000000000e+04
6.776688808799999606e+02 1.443000000000000000e+03 3.379900000000000000e+04 1.453000000000000000e+03 2.928700000000000000e+04 1.450000000000000000e+03 3.373000000000000000e+04
6.780586802699999680e+02 1.455000000000000000e+03 3.403700000000000000e+04 1.458000000000000000e+03 2.944100000000000000e+04 1.476000000000000000e+03 3.391100000000000000e+04
6.784485399200000302e+02 1.465000000000000000e+03 3.410600000000000000e+04 1.470000000000000000e+03 2.954300000000000000e+04 1.477000000000000000e+03 3.407400000000000000e+04
6.788384598300000334e+02 1.424000000000000000e+03 3.424000000000000000e+04 1.436000000000000000e+03 2.975700000000000000e+04 1.438000000000000000e+03 3.424400000000000000e+04
6.792284399999999778e+02 1.458000000000000000e+03 3.427800000000000000e+04 1.453000000000000000e+03 2.966200000000000000e+04 1.468000000000000000e+03 3.433100000000000000e+04
6.796184804299999769e+02 1.448000000000000000e+03 3.464100000000000000e+04 1.464000000000000000e+03 2.981300000000000000e+04 1.458000000000000000e+03 3.456200000000000000e+04
6.800085811200000308e+02 1.457000000000000000e+03 3.478400000000000000e+04 1.450000000000000000e+03 2.992300000000000000e+04 1.454000000000000000e+03 3.468000000000000000e+04
6.803987420700000257e+02 1.471000000000000000e+03 3.497400000000000000e+04 1.472000000000000000e+03 3.006600000000000000e+04 1.483000000000000000e+03 3.475500000000000000e+04
6.807889632799999617e+02 1.448000000000000000e+03 3.516000000000000000e+04 1.458000000000000000e+03 3.025800000000000000e+04 1.462000000000000000e+03 3.490000000000000000e+04
6.811792447499999525e+02 1.459000000000000000e+03 3.531300000000000000e+04 1.458000000000000000e+03 3.044800000000000000e+04 1.470000000000000000e+03 3.523900000000000000e+04
6.815695864799999981e+02 1.462000000000000000e+03 3.552000000000000000e+04 1.481000000000000000e+03 3.070200000000000000e+04 1.464000000000000000e+03 3.547900000000000000e+04
6.819599884699999848e+02 1.483000000000000000e+03 3.550400000000000000e+04 1.481000000000000000e+03 3.070300000000000000e+04 1.475000000000000000e+03 3.542400000000000000e+04
6.823504507200000262e+02 1.458000000000000000e+03 3.558500000000000000e+04 1.474000000000000000e+03 3.077500000000000000e+04 1.476000000000000000e+03 3.546400000000000000e+04
6.827409732300000087e+02 1.465000000000000000e+03 3.564300000000000000e+04 1.465000000000000000e+03 3.079900000000000000e+04 1.464000000000000000e+03 3.552000000000000000e+04
6.831315560000000460e+02 1.450000000000000000e+03 3.586500000000000000e+04 1.462000000000000000e+03 3.121700000000000000e+04 1.466000000000000000e+03 3.593500000000000000e+04
6.835221990300000243e+02 1.440000000000000000e+03 3.616500000000000000e+04 1.442000000000000000e+03 3.137800000000000000e+04 1.458000000000000000e+03 3.610600000000000000e+04
6.839129023200000574e+02 1.443000000000000000e+03 3.624600000000000000e+04 1.445000000000000000e+03 3.142700000000000000e+04 1.440000000000000000e+03 3.609700000000000000e+04
6.843036658700000316e+02 1.472000000000000000e+03 3.663200000000000000e+04 1.481000000000000000e+03 3.162800000000000000e+04 1.477000000000000000e+03 3.647000000000000000e+04
6.846944896800000606e+02 1.448000000000000000e+03 3.670900000000000000e+04 1.445000000000000000e+03 3.185200000000000000e+04 1.444000000000000000e+03 3.662600000000000000e+04
6.850853737500000307e+02 1.445000000000000000e+03 3.701500000000000000e+04 1.463000000000000000e+03 3.204800000000000000e+04 1.459000000000000000e+03 3.685700000000000000e+04
6.854763180800000555e+02 1.450000000000000000e+03 3.717700000000000000e+04 1.462000000000000000e+03 3.233500000000000000e+04 1.460000000000000000e+03 3.703300000000000000e+04
6.858673226700000214e+02 1.469000000000000000e+03 3.731700000000000000e+04 1.470000000000000000e+03 3.234300000000000000e+04 1.480000000000000000e+03 3.728400000000000000e+04
6.862583875200000421e+02 1.442000000000000000e+03 3.741200000000000000e+04 1.445000000000000000e+03 3.232900000000000000e+04 1.445000000000000000e+03 3.728900000000000000e+04
6.866495126300000038e+02 1.450000000000000000e+03 3.767000000000000000e+04 1.458000000000000000e+03 3.257000000000000000e+04 1.462000000000000000e+03 3.754900000000000000e+04
6.870406980000000203e+02 1.436000000000000000e+03 3.784500000000000000e+04 1.445000000000000000e+03 3.280400000000000000e+04 1.456000000000000000e+03 3.771300000000000000e+04
6.874319436299999779e+02 1.444000000000000000e+03 3.790900000000000000e+04 1.449000000000000000e+03 3.276400000000000000e+04 1.458000000000000000e+03 3.791000000000000000e+04
6.878232495199999903e+02 1.448000000000000000e+03 3.816200000000000000e+04 1.456000000000000000e+03 3.302100000000000000e+04 1.451000000000000000e+03 3.804700000000000000e+04
6.882146156700000574e+02 1.452000000000000000e+03 3.814700000000000000e+04 1.449000000000000000e+03 3.308700000000000000e+04 1.465000000000000000e+03 3.812300000000000000e+04
6.886060420800000657e+02 1.473000000000000000e+03 3.845000000000000000e+04 1.495000000000000000e+03 3.326200000000000000e+04 1.483000000000000000e+03 3.831300000000000000e+04
6.889975287500000150e+02 1.444000000000000000e+03 3.865400000000000000e+04 1.453000000000000000e+03 3.341400000000000000e+04 1.459000000000000000e+03 3.851800000000000000e+04
6.893890756800000190e+02 1.462000000000000000e+03 3.873300000000000000e+04 1.453000000000000000e+03 3.340900000000000000e+04 1.460000000000000000e+03 3.852900000000000000e+04
6.897806828699999642e+02 1.444000000000000000e+03 3.893200000000000000e+04 1.447000000000000000e+03 3.353500000000000000e+04 1.465000000000000000e+03 3.875700000000000000e+04
6.901723503200000778e+02 1.441000000000000000e+03 3.902600000000000000e+04 1.444000000000000000e+03 3.368900000000000000e+04 1.450000000000000000e+03 3.894900000000000000e+04
6.905640780300000188e+02 1.457000000000000000e+03 3.921100000000000000e+04 1.465000000000000000e+03 3.389500000000000000e+04 1.478000000000000000e+03 3.908200000000000000e+04
6.909558660000000145e+02 1.466000000000000000e+03 3.950100000000000000e+04 1.464000000000000000e+03 3.412400000000000000e+04 1.476000000000000000e+03 3.938800000000000000e+04
6.913477142300000651e+02 1.463000000000000000e+03 3.968900000000000000e+04 1.469000000000000000e+03 3.423200000000000000e+04 1.479000000000000000e+03 3.950900000000000000e+04
6.917396227200000567e+02 1.437000000000000000e+03 3.988800000000000000e+04 1.445000000000000000e+03 3.448500000000000000e+04 1.445000000000000000e+03 3.973300000000000000e+04
6.921315914699999894e+02 1.431000000000000000e+03 4.007900000000000000e+04 1.450000000000000000e+03 3.471700000000000000e+04 1.454000000000000000e+03 3.993700000000000000e+04
6.925236204799999769e+02 1.423000000000000000e+03 4.030300000000000000e+04 1.425000000000000000e+03 3.481400000000000000e+04 1.430000000000000000e+03 4.027000000000000000e+04
6.929157097500000191e+02 1.447000000000000000e+03 4.054700000000000000e+04 1.452000000000000000e+03 3.515200000000000000e+04 1.450000000000000000e+03 4.047100000000000000e+04
6.933078592800000024e+02 1.455000000000000000e+03 4.061400000000000000e+04 1.467000000000000000e+03 3.511100000000000000e+04 1.475000000000000000e+03 4.042700000000000000e+04
6.937000690700000405e+02 1.453000000000000000e+03 4.086800000000000000e+04 1.470000000000000000e+03 3.540300000000000000e+04 1.465000000000000000e+03 4.073200000000000000e+04
6.940923391200000196e+02 1.436000000000000000e+03 4.098200000000000000e+04 1.444000000000000000e+03 3.545400000000000000e+04 1.438000000000000000e+03 4.101600000000000000e+04
6.944846694300000536e+02 1.447000000000000000e+03 4.129300000000000000e+04 1.450000000000000000e+03 3.566700000000000000e+04 1.456000000000000000e+03 4.130700000000000000e+04
6.948770600000000286e+02 1.450000000000000000e+03 4.142400000000000000e+04 1.463000000000000000e+03 3.577700000000000000e+04 1.464000000000000000e+03 4.124500000000000000e+04
6.952695108299999447e+02 1.469000000000000000e+03 4.188000000000000000e+04 1.471000000000000000e+03 3.609900000000000000e+04 1.472000000000000000e+03 4.168100000000000000e+04
6.956620219200000292e+02 1.451000000000000000e+03 4.203700000000000000e+04 1.447000000000000000e+03 3.626600000000000000e+04 1.455000000000000000e+03 4.192200000000000000e+04
6.960545932700000549e+02 1.436000000000000000e+03 4.223800000000000000e+04 1.452000000000000000e+03 3.651400000000000000e+04 1.455000000000000000e+03 4.221000000000000000e+04
6.964472248800000216e+02 1.457000000000000000e+03 4.229600000000000000e+04 1.467000000000000000e+03 3.641300000000000000e+04 1.469000000000000000e+03 4.215500000000000000e+04
6.968399167500000431e+02 1.475000000000000000e+03 4.263300000000000000e+04 1.490000000000000000e+03 3.673600000000000000e+04 1.490000000000000000e+03 4.257200000000000000e+04
6.972326688800000056e+02 1.458000000000000000e+03 4.294000000000000000e+04 1.469000000000000000e+03 3.704000000000000000e+04 1.469000000000000000e+03 4.274300000000000000e+04
6.976254812700000230e+02 1.426000000000000000e+03 4.319000000000000000e+04 1.428000000000000000e+03 3.728100000000000000e+04 1.438000000000000000e+03 4.300100000000000000e+04
6.980183539199999814e+02 1.464000000000000000e+03 4.338300000000000000e+04 1.465000000000000000e+03 3.740600000000000000e+04 1.462000000000000000e+03 4.302000000000000000e+04
6.984112868299999946e+02 1.450000000000000000e+03 4.351300000000000000e+04 1.464000000000000000e+03 3.774400000000000000e+04 1.457000000000000000e+03 4.350000000000000000e+04
6.988042800000000625e+02 1.431000000000000000e+03 4.399200000000000000e+04 1.440000000000000000e+03 3.793200000000000000e+04 1.435000000000000000e+03 4.396300000000000000e+04
6.991973334300000715e+02 1.451000000000000000e+03 4.401200000000000000e+04 1.453000000000000000e+03 3.811400000000000000e+04 1.446000000000000000e+03 4.394100000000000000e+04
6.995904471200000216e+02 1.438000000000000000e+03 4.425200000000000000e+04 1.451000000000000000e+03 3.814700000000000000e+04 1.449000000000000000e+03 4.421400000000000000e+04
6.999836210700000265e+02 1.447000000000000000e+03 4.429000000000000000e+04 1.451000000000000000e+03 3.833700000000000000e+04 1.454000000000000000e+03 4.412900000000000000e+04
7.003768552799999725e+02 1.454000000000000000e+03 4.427000000000000000e+04 1.461000000000000000e+03 3.821300000000000000e+04 1.463000000000000000e+03 4.416000000000000000e+04
7.007701497499999732e+02 1.434000000000000000e+03 4.461200000000000000e+04 1.437000000000000000e+03 3.841700000000000000e+04 1.452000000000000000e+03 4.436600000000000000e+04
7.011635044800000287e+02 1.446000000000000000e+03 4.443300000000000000e+04 1.452000000000000000e+03 3.837200000000000000e+04 1.456000000000000000e+03 4.436700000000000000e+04
7.015569194700000253e+02 1.461000000000000000e+03 4.439300000000000000e+04 1.465000000000000000e+03 3.833500000000000000e+04 1.481000000000000000e+03 4.413900000000000000e+04
7.019503947199999629e+02 1.468000000000000000e+03 4.458200000000000000e+04 1.464000000000000000e+03 3.844800000000000000e+04 1.451000000000000000e+03 4.440100000000000000e+04
7.023439302300000691e+02 1.456000000000000000e+03 4.467600000000000000e+04 1.473000000000000000e+03 3.856800000000000000e+04 1.472000000000000000e+03 4.451700000000000000e+04
7.027375260000000026e+02 1.467000000000000000e+03 4.472600000000000000e+04 1.461000000000000000e+03 3.854600000000000000e+04 1.470000000000000000e+03 4.461500000000000000e+04
7.031311820299999908e+02 1.480000000000000000e+03 4.458900000000000000e+04 1.464000000000000000e+03 3.851300000000000000e+04 1.480000000000000000e+03 4.447300000000000000e+04
7.035248983200000339e+02 1.472000000000000000e+03 4.491400000000000000e+04 1.463000000000000000e+03 3.869600000000000000e+04 1.471000000000000000e+03 4.466600000000000000e+04
7.039186748700000180e+02 1.460000000000000000e+03 4.477000000000000000e+04 1.477000000000000000e+03 3.874000000000000000e+04 1.488000000000000000e+03 4.462800000000000000e+04
7.043125116800000569e+02 1.473000000000000000e+03 4.498300000000000000e+04 1.480000000000000000e+03 3.892900000000000000e+04 1.485000000000000000e+03 4.489300000000000000e+04
7.047064087500000369e+02 1.486000000000000000e+03 4.482800000000000000e+04 1.495000000000000000e+03 3.872200000000000000e+04 1.501000000000000000e+03 4.484300000000000000e+04
7.051003660799999579e+02 1.440000000000000000e+03 4.508800000000000000e+04 1.461000000000000000e+03 3.885800000000000000e+04 1.456000000000000000e+03 4.500000000000000000e+04
7.054943836700000475e+02 1.471000000000000000e+03 4.487100000000000000e+04 1.475000000000000000e+03 3.879800000000000000e+04 1.473000000000000000e+03 4.492200000000000000e+04
7.058884615199999644e+02 1.467000000000000000e+03 4.483400000000000000e+04 1.473000000000000000e+03 3.866800000000000000e+04 1.485000000000000000e+03 4.472000000000000000e+04
7.062825996300000497e+02 1.480000000000000000e+03 4.500600000000000000e+04 1.486000000000000000e+03 3.885200000000000000e+04 1.495000000000000000e+03 4.495600000000000000e+04
7.066767979999999625e+02 1.478000000000000000e+03 4.516800000000000000e+04 1.487000000000000000e+03 3.889100000000000000e+04 1.499000000000000000e+03 4.502100000000000000e+04
7.070710566300000437e+02 1.494000000000000000e+03 4.534100000000000000e+04 1.486000000000000000e+03 3.907000000000000000e+04 1.500000000000000000e+03 4.513100000000000000e+04
7.074653755199999523e+02 1.502000000000000000e+03 4.517100000000000000e+04 1.490000000000000000e+03 3.893200000000000000e+04 1.512000000000000000e+03 4.510300000000000000e+04
7.078597546700000294e+02 1.483000000000000000e+03 4.519000000000000000e+04 1.483000000000000000e+03 3.891200000000000000e+04 1.493000000000000000e+03 4.493900000000000000e+04
7.082541940799999338e+02 1.512000000000000000e+03 4.548200000000000000e+04 1.502000000000000000e+03 3.913900000000000000e+04 1.528000000000000000e+03 4.515500000000000000e+04
7.086486937500000067e+02 1.474000000000000000e+03 4.563700000000000000e+04 1.484000000000000000e+03 3.926900000000000000e+04 1.493000000000000000e+03 4.539500000000000000e+04
7.090432536800000207e+02 1.496000000000000000e+03 4.571800000000000000e+04 1.491000000000000000e+03 3.923000000000000000e+04 1.504000000000000000e+03 4.552100000000000000e+04
7.094378738699999758e+02 1.495000000000000000e+03 4.556800000000000000e+04 1.498000000000000000e+03 3.938300000000000000e+04 1.504000000000000000e+03 4.557400000000000000e+04
7.098325543199999856e+02 1.480000000000000000e+03 4.549500000000000000e+04 1.474000000000000000e+03 3.941800000000000000e+04 1.485000000000000000e+03 4.531800000000000000e+04
7.102272950300000502e+02 1.478000000000000000e+03 4.549800000000000000e+04 1.490000000000000000e+03 3.932200000000000000e+04 1.499000000000000000e+03 4.543400000000000000e+04
7.106220960000000559e+02 1.474000000000000000e+03 4.553300000000000000e+04 1.478000000000000000e+03 3.911800000000000000e+04 1.489000000000000000e+03 4.540600000000000000e+04
7.110169572300000027e+02 1.472000000000000000e+03 4.552900000000000000e+04 1.473000000000000000e+03 3.934000000000000000e+04 1.479000000000000000e+03 4.536900000000000000e+04
7.114118787200000043e+02 1.498000000000000000e+03 4.556900000000000000e+04 1.494000000000000000e+03 3.917600000000000000e+04 1.509000000000000000e+03 4.547700000000000000e+04
7.118068604699999469e+02 1.466000000000000000e+03 4.549000000000000000e+04 1.463000000000000000e+03 3.920000000000000000e+04 1.467000000000000000e+03 4.539600000000000000e+04
7.122019024799999443e+02 1.451000000000000000e+03 4.547900000000000000e+04 1.461000000000000000e+03 3.920500000000000000e+04 1.454000000000000000e+03 4.529900000000000000e+04
7.125970047499999964e+02 1.487000000000000000e+03 4.541000000000000000e+04 1.485000000000000000e+03 3.923900000000000000e+04 1.486000000000000000e+03 4.529300000000000000e+04
7.129921672799999897e+02 1.465000000000000000e+03 4.562000000000000000e+04 1.468000000000000000e+03 3.932300000000000000e+04 1.480000000000000000e+03 4.546200000000000000e+04
7.133873900700000377e+02 1.469000000000000000e+03 4.565800000000000000e+04 1.476000000000000000e+03 3.929100000000000000e+04 1.474000000000000000e+03 4.549500000000000000e+04
7.137826731200000268e+02 1.468000000000000000e+03 4.557700000000000000e+04 1.478000000000000000e+03 3.923000000000000000e+04 1.470000000000000000e+03 4.536500000000000000e+04
7.141780164300000706e+02 1.480000000000000000e+03 4.556200000000000000e+04 1.481000000000000000e+03 3.927500000000000000e+04 1.484000000000000000e+03 4.539900000000000000e+04
7.145734200000000556e+02 1.462000000000000000e+03 4.560700000000000000e+04 1.459000000000000000e+03 3.925000000000000000e+04 1.473000000000000000e+03 4.537700000000000000e+04
7.149688838299999816e+02 1.470000000000000000e+03 4.548600000000000000e+04 1.470000000000000000e+03 3.918800000000000000e+04 1.482000000000000000e+03 4.561900000000000000e+04
7.153644079200000760e+02 1.440000000000000000e+03 4.566200000000000000e+04 1.443000000000000000e+03 3.936200000000000000e+04 1.452000000000000000e+03 4.570600000000000000e+04
7.157599922699999979e+02 1.444000000000000000e+03 4.588400000000000000e+04 1.450000000000000000e+03 3.958800000000000000e+04 1.453000000000000000e+03 4.569800000000000000e+04
7.161556368799999746e+02 1.430000000000000000e+03 4.584600000000000000e+04 1.422000000000000000e+03 3.942100000000000000e+04 1.433000000000000000e+03 4.571400000000000000e+04
7.165513417500000060e+02 1.438000000000000000e+03 4.580800000000000000e+04 1.441000000000000000e+03 3.934800000000000000e+04 1.443000000000000000e+03 4.566700000000000000e+04
7.169471068799999784e+02 1.445000000000000000e+03 4.587200000000000000e+04 1.449000000000000000e+03 3.934200000000000000e+04 1.452000000000000000e+03 4.573300000000000000e+04
7.173429322700000057e+02 1.456000000000000000e+03 4.583000000000000000e+04 1.463000000000000000e+03 3.934300000000000000e+04 1.467000000000000000e+03 4.572200000000000000e+04
7.177388179199999740e+02 1.493000000000000000e+03 4.591300000000000000e+04 1.490000000000000000e+03 3.946800000000000000e+04 1.491000000000000000e+03 4.567600000000000000e+04
7.181347638299999971e+02 1.464000000000000000e+03 4.569700000000000000e+04 1.477000000000000000e+03 3.922000000000000000e+04 1.463000000000000000e+03 4.546800000000000000e+04
7.185307700000000750e+02 1.448000000000000000e+03 4.577700000000000000e+04 1.460000000000000000e+03 3.933400000000000000e+04 1.452000000000000000e+03 4.575500000000000000e+04
7.189268364299999803e+02 1.463000000000000000e+03 4.584800000000000000e+04 1.461000000000000000e+03 3.951900000000000000e+04 1.470000000000000000e+03 4.580100000000000000e+04
7.193229631200000540e+02 1.428000000000000000e+03 4.569600000000000000e+04 1.440000000000000000e+03 3.932000000000000000e+04 1.447000000000000000e+03 4.560100000000000000e+04
7.197191500700000688e+02 1.463000000000000000e+03 4.585900000000000000e+04 1.470000000000000000e+03 3.951800000000000000e+04 1.469000000000000000e+03 4.579400000000000000e+04
7.201153972800000247e+02 1.460000000000000000e+03 4.573200000000000000e+04 1.464000000000000000e+03 3.936500000000000000e+04 1.470000000000000000e+03 4.563500000000000000e+04
7.205117047500000353e+02 1.441000000000000000e+03 4.574700000000000000e+04 1.449000000000000000e+03 3.944200000000000000e+04 1.452000000000000000e+03 4.574900000000000000e+04
7.209080724799999871e+02 1.469000000000000000e+03 4.592500000000000000e+04 1.489000000000000000e+03 3.959300000000000000e+04 1.481000000000000000e+03 4.579100000000000000e+04
7.213045004699999936e+02 1.444000000000000000e+03 4.592800000000000000e+04 1.453000000000000000e+03 3.941400000000000000e+04 1.451000000000000000e+03 4.579800000000000000e+04
7.217009887199999412e+02 1.424000000000000000e+03 4.605800000000000000e+04 1.432000000000000000e+03 3.957400000000000000e+04 1.432000000000000000e+03 4.585400000000000000e+04
7.220975372299999435e+02 1.428000000000000000e+03 4.616700000000000000e+04 1.439000000000000000e+03 3.974400000000000000e+04 1.440000000000000000e+03 4.596800000000000000e+04
7.224941460000000006e+02 1.431000000000000000e+03 4.614000000000000000e+04 1.435000000000000000e+03 3.973300000000000000e+04 1.432000000000000000e+03 4.612000000000000000e+04
7.228908150299999988e+02 1.432000000000000000e+03 4.624900000000000000e+04 1.460000000000000000e+03 3.995700000000000000e+04 1.456000000000000000e+03 4.631200000000000000e+04
7.232875443200000518e+02 1.431000000000000000e+03 4.630700000000000000e+04 1.443000000000000000e+03 3.983500000000000000e+04 1.450000000000000000e+03 4.627900000000000000e+04
7.236843338700000459e+02 1.458000000000000000e+03 4.629700000000000000e+04 1.459000000000000000e+03 3.982000000000000000e+04 1.453000000000000000e+03 4.611200000000000000e+04
7.240811836799999810e+02 1.429000000000000000e+03 4.636400000000000000e+04 1.431000000000000000e+03 3.990800000000000000e+04 1.445000000000000000e+03 4.629300000000000000e+04
7.244780937499999709e+02 1.433000000000000000e+03 4.644900000000000000e+04 1.445000000000000000e+03 4.003400000000000000e+04 1.455000000000000000e+03 4.635600000000000000e+04
7.248750640800000156e+02 1.415000000000000000e+03 4.644900000000000000e+04 1.427000000000000000e+03 3.997000000000000000e+04 1.431000000000000000e+03 4.635200000000000000e+04
7.252720946700000013e+02 1.459000000000000000e+03 4.661500000000000000e+04 1.465000000000000000e+03 4.010500000000000000e+04 1.467000000000000000e+03 4.653600000000000000e+04
7.256691855200000418e+02 1.462000000000000000e+03 4.686100000000000000e+04 1.464000000000000000e+03 4.022100000000000000e+04 1.468000000000000000e+03 4.672800000000000000e+04
7.260663366300000234e+02 1.446000000000000000e+03 4.679200000000000000e+04 1.462000000000000000e+03 4.022000000000000000e+04 1.466000000000000000e+03 4.672200000000000000e+04
7.264635479999999461e+02 1.458000000000000000e+03 4.698900000000000000e+04 1.473000000000000000e+03 4.030800000000000000e+04 1.465000000000000000e+03 4.680300000000000000e+04
7.268608196300000373e+02 1.442000000000000000e+03 4.689100000000000000e+04 1.460000000000000000e+03 4.033500000000000000e+04 1.460000000000000000e+03 4.684200000000000000e+04
7.272581515199999558e+02 1.441000000000000000e+03 4.700900000000000000e+04 1.440000000000000000e+03 4.043400000000000000e+04 1.449000000000000000e+03 4.695000000000000000e+04
7.276555436700000428e+02 1.446000000000000000e+03 4.729300000000000000e+04 1.453000000000000000e+03 4.059100000000000000e+04 1.452000000000000000e+03 4.719700000000000000e+04
7.280529960799999571e+02 1.451000000000000000e+03 4.733500000000000000e+04 1.451000000000000000e+03 4.061600000000000000e+04 1.447000000000000000e+03 4.722400000000000000e+04
7.284505087500000400e+02 1.458000000000000000e+03 4.729300000000000000e+04 1.456000000000000000e+03 4.069200000000000000e+04 1.465000000000000000e+03 4.717100000000000000e+04
7.288480816799999502e+02 1.438000000000000000e+03 4.757100000000000000e+04 1.443000000000000000e+03 4.086400000000000000e+04 1.434000000000000000e+03 4.747200000000000000e+04
7.292457148700000289e+02 1.441000000000000000e+03 4.749700000000000000e+04 1.442000000000000000e+03 4.080500000000000000e+04 1.446000000000000000e+03 4.750700000000000000e+04
7.296434083199999350e+02 1.427000000000000000e+03 4.747800000000000000e+04 1.434000000000000000e+03 4.085100000000000000e+04 1.445000000000000000e+03 4.745800000000000000e+04
7.300411620300000095e+02 1.466000000000000000e+03 4.764800000000000000e+04 1.465000000000000000e+03 4.099800000000000000e+04 1.469000000000000000e+03 4.752400000000000000e+04
7.304389760000000251e+02 1.440000000000000000e+03 4.773000000000000000e+04 1.447000000000000000e+03 4.110500000000000000e+04 1.451000000000000000e+03 4.778300000000000000e+04
7.308368502299999818e+02 1.453000000000000000e+03 4.777200000000000000e+04 1.456000000000000000e+03 4.108500000000000000e+04 1.451000000000000000e+03 4.769800000000000000e+04
7.312347847199999933e+02 1.452000000000000000e+03 4.795000000000000000e+04 1.474000000000000000e+03 4.110600000000000000e+04 1.465000000000000000e+03 4.790700000000000000e+04
7.316327794700000595e+02 1.447000000000000000e+03 4.788900000000000000e+04 1.450000000000000000e+03 4.120300000000000000e+04 1.454000000000000000e+03 4.782100000000000000e+04
7.320308344800000668e+02 1.442000000000000000e+03 4.824500000000000000e+04 1.444000000000000000e+03 4.130500000000000000e+04 1.441000000000000000e+03 4.810100000000000000e+04
7.324289497500000152e+02 1.464000000000000000e+03 4.828000000000000000e+04 1.475000000000000000e+03 4.144700000000000000e+04 1.473000000000000000e+03 4.809800000000000000e+04
7.328271252800000184e+02 1.430000000000000000e+03 4.848900000000000000e+04 1.443000000000000000e+03 4.168400000000000000e+04 1.445000000000000000e+03 4.838000000000000000e+04
7.332253610699999626e+02 1.432000000000000000e+03 4.839700000000000000e+04 1.440000000000000000e+03 4.153000000000000000e+04 1.444000000000000000e+03 4.817300000000000000e+04
7.336236571199999617e+02 1.446000000000000000e+03 4.861900000000000000e+04 1.461000000000000000e+03 4.178500000000000000e+04 1.462000000000000000e+03 4.845100000000000000e+04
7.340220134300000154e+02 1.456000000000000000e+03 4.868000000000000000e+04 1.446000000000000000e+03 4.186900000000000000e+04 1.450000000000000000e+03 4.854700000000000000e+04
7.344204300000000103e+02 1.421000000000000000e+03 4.895700000000000000e+04 1.430000000000000000e+03 4.205700000000000000e+04 1.433000000000000000e+03 4.895400000000000000e+04
7.348189068300000599e+02 1.437000000000000000e+03 4.899800000000000000e+04 1.448000000000000000e+03 4.209700000000000000e+04 1.448000000000000000e+03 4.898900000000000000e+04
7.352174439200000506e+02 1.448000000000000000e+03 4.933700000000000000e+04 1.451000000000000000e+03 4.249700000000000000e+04 1.459000000000000000e+03 4.934700000000000000e+04
7.356160412699999824e+02 1.445000000000000000e+03 4.938100000000000000e+04 1.449000000000000000e+03 4.252300000000000000e+04 1.451000000000000000e+03 4.935200000000000000e+04
7.360146988799999690e+02 1.445000000000000000e+03 4.939500000000000000e+04 1.449000000000000000e+03 4.249700000000000000e+04 1.444000000000000000e+03 4.938300000000000000e+04
7.364134167500000103e+02 1.450000000000000000e+03 4.958300000000000000e+04 1.456000000000000000e+03 4.268800000000000000e+04 1.459000000000000000e+03 4.951000000000000000e+04
7.368121948799999927e+02 1.450000000000000000e+03 4.962000000000000000e+04 1.475000000000000000e+03 4.258400000000000000e+04 1.468000000000000000e+03 4.954300000000000000e+04
7.372110332700000299e+02 1.438000000000000000e+03 4.985600000000000000e+04 1.451000000000000000e+03 4.290000000000000000e+04 1.458000000000000000e+03 4.965500000000000000e+04
7.376099319200000082e+02 1.446000000000000000e+03 5.011700000000000000e+04 1.455000000000000000e+03 4.305100000000000000e+04 1.463000000000000000e+03 4.994300000000000000e+04
7.380088908300000412e+02 1.442000000000000000e+03 5.000200000000000000e+04 1.439000000000000000e+03 4.296100000000000000e+04 1.442000000000000000e+03 4.992400000000000000e+04
7.384079100000000153e+02 1.426000000000000000e+03 5.005400000000000000e+04 1.427000000000000000e+03 4.303700000000000000e+04 1.429000000000000000e+03 4.996700000000000000e+04
7.388069894300000442e+02 1.430000000000000000e+03 5.006800000000000000e+04 1.426000000000000000e+03 4.313700000000000000e+04 1.437000000000000000e+03 5.004200000000000000e+04
7.392061291200000142e+02 1.432000000000000000e+03 5.035100000000000000e+04 1.426000000000000000e+03 4.329900000000000000e+04 1.430000000000000000e+03 5.022600000000000000e+04
7.396053290700000389e+02 1.438000000000000000e+03 5.046400000000000000e+04 1.448000000000000000e+03 4.321100000000000000e+04 1.449000000000000000e+03 5.030000000000000000e+04
7.400045892800000047e+02 1.453000000000000000e+03 5.073600000000000000e+04 1.442000000000000000e+03 4.357400000000000000e+04 1.451000000000000000e+03 5.071800000000000000e+04
7.404039097500000253e+02 1.461000000000000000e+03 5.080500000000000000e+04 1.461000000000000000e+03 4.362000000000000000e+04 1.473000000000000000e+03 5.076400000000000000e+04
7.408032904799999869e+02 1.461000000000000000e+03 5.075700000000000000e+04 1.465000000000000000e+03 4.365100000000000000e+04 1.471000000000000000e+03 5.064300000000000000e+04
7.412027314700000034e+02 1.423000000000000000e+03 5.093900000000000000e+04 1.421000000000000000e+03 4.397700000000000000e+04 1.430000000000000000e+03 5.091800000000000000e+04
7.416022327200000746e+02 1.452000000000000000e+03 5.133200000000000000e+04 1.455000000000000000e+03 4.401400000000000000e+04 1.462000000000000000e+03 5.115700000000000000e+04
7.420017942300000868e+02 1.450000000000000000e+03 5.133900000000000000e+04 1.443000000000000000e+03 4.397200000000000000e+04 1.453000000000000000e+03 5.114300000000000000e+04
7.424014160000000402e+02 1.456000000000000000e+03 5.148800000000000000e+04 1.460000000000000000e+03 4.428000000000000000e+04 1.454000000000000000e+03 5.147400000000000000e+04
7.428010980300000483e+02 1.443000000000000000e+03 5.189500000000000000e+04 1.444000000000000000e+03 4.452300000000000000e+04 1.455000000000000000e+03 5.177400000000000000e+04
7.432008403199999975e+02 1.429000000000000000e+03 5.185700000000000000e+04 1.444000000000000000e+03 4.462100000000000000e+04 1.429000000000000000e+03 5.168700000000000000e+04
7.436006428700000015e+02 1.426000000000000000e+03 5.203800000000000000e+04 1.431000000000000000e+03 4.478300000000000000e+04 1.429000000000000000e+03 5.195000000000000000e+04
7.440005056800000602e+02 1.463000000000000000e+03 5.203400000000000000e+04 1.460000000000000000e+03 4.469200000000000000e+04 1.475000000000000000e+03 5.188300000000000000e+04
7.444004287499999464e+02 1.447000000000000000e+03 5.218400000000000000e+04 1.461000000000000000e+03 4.475400000000000000e+04 1.457000000000000000e+03 5.201300000000000000e+04
7.448004120800000010e+02 1.440000000000000000e+03 5.252600000000000000e+04 1.458000000000000000e+03 4.514200000000000000e+04 1.452000000000000000e+03 5.237500000000000000e+04
7.452004556699999966e+02 1.430000000000000000e+03 5.272700000000000000e+04 1.439000000000000000e+03 4.532700000000000000e+04 1.437000000000000000e+03 5.262800000000000000e+04
7.456005595199999334e+02 1.457000000000000000e+03 5.267900000000000000e+04 1.462000000000000000e+03 4.526200000000000000e+04 1.461000000000000000e+03 5.244200000000000000e+04
7.460007236300000386e+02 1.449000000000000000e+03 5.282700000000000000e+04 1.453000000000000000e+03 4.538200000000000000e+04 1.455000000000000000e+03 5.265600000000000000e+04
7.464009479999999712e+02 1.471000000000000000e+03 5.273500000000000000e+04 1.480000000000000000e+03 4.536600000000000000e+04 1.488000000000000000e+03 5.266600000000000000e+04
7.468012326299999586e+02 1.430000000000000000e+03 5.286000000000000000e+04 1.432000000000000000e+03 4.550900000000000000e+04 1.441000000000000000e+03 5.280400000000000000e+04
7.472015775200000007e+02 1.412000000000000000e+03 5.325400000000000000e+04 1.414000000000000000e+03 4.572100000000000000e+04 1.420000000000000000e+03 5.312700000000000000e+04
7.476019826699999840e+02 1.456000000000000000e+03 5.338800000000000000e+04 1.468000000000000000e+03 4.592000000000000000e+04 1.473000000000000000e+03 5.336200000000000000e+04
7.480024480800000219e+02 1.443000000000000000e+03 5.358100000000000000e+04 1.444000000000000000e+03 4.607200000000000000e+04 1.457000000000000000e+03 5.350800000000000000e+04
7.484029737500000010e+02 1.445000000000000000e+03 5.380400000000000000e+04 1.448000000000000000e+03 4.609000000000000000e+04 1.451000000000000000e+03 5.371600000000000000e+04
7.488035596800000349e+02 1.444000000000000000e+03 5.369600000000000000e+04 1.447000000000000000e+03 4.612600000000000000e+04 1.449000000000000000e+03 5.355600000000000000e+04
7.492042058700000098e+02 1.420000000000000000e+03 5.364300000000000000e+04 1.433000000000000000e+03 4.607000000000000000e+04 1.434000000000000000e+03 5.363500000000000000e+04
7.496049123200000395e+02 1.424000000000000000e+03 5.388400000000000000e+04 1.432000000000000000e+03 4.619800000000000000e+04 1.430000000000000000e+03 5.381600000000000000e+04
7.500056790300000102e+02 1.440000000000000000e+03 5.399700000000000000e+04 1.447000000000000000e+03 4.633400000000000000e+04 1.443000000000000000e+03 5.387800000000000000e+04
7.504065060000000358e+02 1.432000000000000000e+03 5.373100000000000000e+04 1.430000000000000000e+03 4.604300000000000000e+04 1.448000000000000000e+03 5.360500000000000000e+04
7.508073932300000024e+02 1.468000000000000000e+03 5.381600000000000000e+04 1.477000000000000000e+03 4.620000000000000000e+04 1.492000000000000000e+03 5.374600000000000000e+04
7.512083407200000238e+02 1.465000000000000000e+03 5.372600000000000000e+04 1.472000000000000000e+03 4.619200000000000000e+04 1.473000000000000000e+03 5.365600000000000000e+04
7.516093484699999863e+02 1.455000000000000000e+03 5.415900000000000000e+04 1.455000000000000000e+03 4.644200000000000000e+04 1.463000000000000000e+03 5.391700000000000000e+04
7.520104164800000035e+02 1.478000000000000000e+03 5.445000000000000000e+04 1.463000000000000000e+03 4.675500000000000000e+04 1.474000000000000000e+03 5.426800000000000000e+04
7.524115447500000755e+02 1.443000000000000000e+03 5.455800000000000000e+04 1.448000000000000000e+03 4.671800000000000000e+04 1.450000000000000000e+03 5.432300000000000000e+04
7.528127332799999749e+02 1.417000000000000000e+03 5.451500000000000000e+04 1.423000000000000000e+03 4.671200000000000000e+04 1.426000000000000000e+03 5.429000000000000000e+04
7.532139820699999291e+02 1.486000000000000000e+03 5.468300000000000000e+04 1.493000000000000000e+03 4.696500000000000000e+04 1.481000000000000000e+03 5.449700000000000000e+04
7.536152911199999380e+02 1.462000000000000000e+03 5.435300000000000000e+04 1.461000000000000000e+03 4.686100000000000000e+04 1.469000000000000000e+03 5.418400000000000000e+04
7.540166604300000017e+02 1.477000000000000000e+03 5.474200000000000000e+04 1.465000000000000000e+03 4.700200000000000000e+04 1.472000000000000000e+03 5.465500000000000000e+04
7.544180900000000065e+02 1.436000000000000000e+03 5.492000000000000000e+04 1.439000000000000000e+03 4.716400000000000000e+04 1.444000000000000000e+03 5.481000000000000000e+04
7.548195798300000661e+02 1.443000000000000000e+03 5.501000000000000000e+04 1.452000000000000000e+03 4.711600000000000000e+04 1.453000000000000000e+03 5.486100000000000000e+04
7.552211299200000667e+02 1.457000000000000000e+03 5.520200000000000000e+04 1.462000000000000000e+03 4.722600000000000000e+04 1.472000000000000000e+03 5.487900000000000000e+04
7.556227402700000084e+02 1.424000000000000000e+03 5.514900000000000000e+04 1.420000000000000000e+03 4.731700000000000000e+04 1.430000000000000000e+03 5.493400000000000000e+04
7.560244108800000049e+02 1.449000000000000000e+03 5.547200000000000000e+04 1.442000000000000000e+03 4.753900000000000000e+04 1.444000000000000000e+03 5.547300000000000000e+04
7.564261417499999425e+02 1.458000000000000000e+03 5.552900000000000000e+04 1.455000000000000000e+03 4.765300000000000000e+04 1.463000000000000000e+03 5.545300000000000000e+04
7.568279328799999348e+02 1.435000000000000000e+03 5.560100000000000000e+04 1.432000000000000000e+03 4.769300000000000000e+04 1.443000000000000000e+03 5.559400000000000000e+04
7.572297842699999819e+02 1.441000000000000000e+03 5.558200000000000000e+04 1.449000000000000000e+03 4.751700000000000000e+04 1.456000000000000000e+03 5.539900000000000000e+04
7.576316959200000838e+02 1.417000000000000000e+03 5.559100000000000000e+04 1.427000000000000000e+03 4.781800000000000000e+04 1.426000000000000000e+03 5.542000000000000000e+04
7.580336678300000131e+02 1.450000000000000000e+03 5.545200000000000000e+04 1.445000000000000000e+03 4.756700000000000000e+04 1.447000000000000000e+03 5.540900000000000000e+04
7.584356999999999971e+02 1.423000000000000000e+03 5.551900000000000000e+04 1.422000000000000000e+03 4.754300000000000000e+04 1.434000000000000000e+03 5.537100000000000000e+04
7.588377924300000359e+02 1.457000000000000000e+03 5.554100000000000000e+04 1.457000000000000000e+03 4.762500000000000000e+04 1.463000000000000000e+03 5.538800000000000000e+04
7.592399451200000158e+02 1.453000000000000000e+03 5.550800000000000000e+04 1.454000000000000000e+03 4.751000000000000000e+04 1.457000000000000000e+03 5.538100000000000000e+04
7.596421580700000504e+02 1.453000000000000000e+03 5.556200000000000000e+04 1.459000000000000000e+03 4.764800000000000000e+04 1.462000000000000000e+03 5.541600000000000000e+04
7.600444312800000262e+02 1.453000000000000000e+03 5.577400000000000000e+04 1.450000000000000000e+03 4.773900000000000000e+04 1.465000000000000000e+03 5.551600000000000000e+04
7.604467647500000567e+02 1.450000000000000000e+03 5.605600000000000000e+04 1.462000000000000000e+03 4.792100000000000000e+04 1.466000000000000000e+03 5.587100000000000000e+04
7.608491584800000282e+02 1.438000000000000000e+03 5.591100000000000000e+04 1.449000000000000000e+03 4.794900000000000000e+04 1.447000000000000000e+03 5.569000000000000000e+04
7.612516124700000546e+02 1.469000000000000000e+03 5.593400000000000000e+04 1.465000000000000000e+03 4.794400000000000000e+04 1.464000000000000000e+03 5.585000000000000000e+04
7.616541267200000220e+02 1.439000000000000000e+03 5.586000000000000000e+04 1.450000000000000000e+03 4.791500000000000000e+04 1.457000000000000000e+03 5.579500000000000000e+04
7.620567012300000442e+02 1.448000000000000000e+03 5.591600000000000000e+04 1.454000000000000000e+03 4.793600000000000000e+04 1.449000000000000000e+03 5.600600000000000000e+04
7.624593360000000075e+02 1.442000000000000000e+03 5.579200000000000000e+04 1.455000000000000000e+03 4.779600000000000000e+04 1.458000000000000000e+03 5.565600000000000000e+04
7.628620310300000256e+02 1.460000000000000000e+03 5.597900000000000000e+04 1.466000000000000000e+03 4.786900000000000000e+04 1.471000000000000000e+03 5.576800000000000000e+04
7.632647863199999847e+02 1.453000000000000000e+03 5.615700000000000000e+04 1.448000000000000000e+03 4.797400000000000000e+04 1.463000000000000000e+03 5.595300000000000000e+04
7.636676018699999986e+02 1.458000000000000000e+03 5.577100000000000000e+04 1.462000000000000000e+03 4.780800000000000000e+04 1.465000000000000000e+03 5.566400000000000000e+04
7.640704776800000673e+02 1.456000000000000000e+03 5.624800000000000000e+04 1.463000000000000000e+03 4.817300000000000000e+04 1.468000000000000000e+03 5.608000000000000000e+04
7.644734137499999633e+02 1.430000000000000000e+03 5.608900000000000000e+04 1.433000000000000000e+03 4.795100000000000000e+04 1.441000000000000000e+03 5.585100000000000000e+04
7.648764100799999142e+02 1.469000000000000000e+03 5.610600000000000000e+04 1.472000000000000000e+03 4.804700000000000000e+04 1.477000000000000000e+03 5.606100000000000000e+04
7.652794666699999198e+02 1.464000000000000000e+03 5.618900000000000000e+04 1.452000000000000000e+03 4.797300000000000000e+04 1.468000000000000000e+03 5.610800000000000000e+04
7.656825835199999801e+02 1.421000000000000000e+03 5.607900000000000000e+04 1.426000000000000000e+03 4.789900000000000000e+04 1.437000000000000000e+03 5.588300000000000000e+04
7.660857606300000953e+02 1.433000000000000000e+03 5.628400000000000000e+04 1.440000000000000000e+03 4.798200000000000000e+04 1.453000000000000000e+03 5.605200000000000000e+04
7.664889980000000378e+02 1.427000000000000000e+03 5.623900000000000000e+04 1.419000000000000000e+03 4.804900000000000000e+04 1.430000000000000000e+03 5.625600000000000000e+04
7.668922956300000351e+02 1.440000000000000000e+03 5.616800000000000000e+04 1.443000000000000000e+03 4.820900000000000000e+04 1.451000000000000000e+03 5.611600000000000000e+04
7.672956535200000872e+02 1.448000000000000000e+03 5.619700000000000000e+04 1.454000000000000000e+03 4.819100000000000000e+04 1.458000000000000000e+03 5.616900000000000000e+04
7.676990716699999666e+02 1.475000000000000000e+03 5.628400000000000000e+04 1.483000000000000000e+03 4.807600000000000000e+04 1.485000000000000000e+03 5.605600000000000000e+04
7.681025500799999008e+02 1.436000000000000000e+03 5.620700000000000000e+04 1.451000000000000000e+03 4.802800000000000000e+04 1.453000000000000000e+03 5.617600000000000000e+04
7.685060887500000035e+02 1.453000000000000000e+03 5.628600000000000000e+04 1.458000000000000000e+03 4.808400000000000000e+04 1.460000000000000000e+03 5.619000000000000000e+04
7.689096876799999336e+02 1.465000000000000000e+03 5.655700000000000000e+04 1.457000000000000000e+03 4.820400000000000000e+04 1.468000000000000000e+03 5.647700000000000000e+04
7.693133468700000321e+02 1.444000000000000000e+03 5.619400000000000000e+04 1.451000000000000000e+03 4.794700000000000000e+04 1.454000000000000000e+03 5.610200000000000000e+04
7.697170663199999581e+02 1.413000000000000000e+03 5.627700000000000000e+04 1.419000000000000000e+03 4.806500000000000000e+04 1.434000000000000000e+03 5.603400000000000000e+04
7.701208460299999388e+02 1.443000000000000000e+03 5.638200000000000000e+04 1.443000000000000000e+03 4.808600000000000000e+04 1.455000000000000000e+03 5.636400000000000000e+04
7.705246859999999742e+02 1.440000000000000000e+03 5.645100000000000000e+04 1.433000000000000000e+03 4.821300000000000000e+04 1.444000000000000000e+03 5.643300000000000000e+04
7.709285862300000645e+02 1.439000000000000000e+03 5.624700000000000000e+04 1.437000000000000000e+03 4.803000000000000000e+04 1.450000000000000000e+03 5.632600000000000000e+04
7.713325467199999821e+02 1.425000000000000000e+03 5.664400000000000000e+04 1.423000000000000000e+03 4.830800000000000000e+04 1.441000000000000000e+03 5.651700000000000000e+04
7.717365674699999545e+02 1.428000000000000000e+03 5.644300000000000000e+04 1.433000000000000000e+03 4.814400000000000000e+04 1.456000000000000000e+03 5.636100000000000000e+04
7.721406484799999816e+02 1.448000000000000000e+03 5.627600000000000000e+04 1.440000000000000000e+03 4.812700000000000000e+04 1.443000000000000000e+03 5.616500000000000000e+04
7.725447897500000636e+02 1.428000000000000000e+03 5.637400000000000000e+04 1.449000000000000000e+03 4.813600000000000000e+04 1.447000000000000000e+03 5.622400000000000000e+04
7.729489912799999729e+02 1.427000000000000000e+03 5.630400000000000000e+04 1.429000000000000000e+03 4.789600000000000000e+04 1.440000000000000000e+03 5.625900000000000000e+04
7.733532530699999370e+02 1.437000000000000000e+03 5.600000000000000000e+04 1.440000000000000000e+03 4.765500000000000000e+04 1.448000000000000000e+03 5.604500000000000000e+04
7.737575751199999559e+02 1.431000000000000000e+03 5.616500000000000000e+04 1.442000000000000000e+03 4.789300000000000000e+04 1.444000000000000000e+03 5.604900000000000000e+04
7.741619574300000295e+02 1.447000000000000000e+03 5.630300000000000000e+04 1.453000000000000000e+03 4.793900000000000000e+04 1.456000000000000000e+03 5.616700000000000000e+04
7.745663999999999305e+02 1.445000000000000000e+03 5.614100000000000000e+04 1.435000000000000000e+03 4.775100000000000000e+04 1.442000000000000000e+03 5.595100000000000000e+04
7.749709028300000000e+02 1.453000000000000000e+03 5.622000000000000000e+04 1.468000000000000000e+03 4.778000000000000000e+04 1.466000000000000000e+03 5.603100000000000000e+04
7.753754659200000106e+02 1.410000000000000000e+03 5.601600000000000000e+04 1.414000000000000000e+03 4.772200000000000000e+04 1.418000000000000000e+03 5.588200000000000000e+04
7.757800892699999622e+02 1.437000000000000000e+03 5.598300000000000000e+04 1.446000000000000000e+03 4.771600000000000000e+04 1.445000000000000000e+03 5.594400000000000000e+04
7.761847728800000823e+02 1.428000000000000000e+03 5.608600000000000000e+04 1.436000000000000000e+03 4.774300000000000000e+04 1.435000000000000000e+03 5.595000000000000000e+04
7.765895167500000298e+02 1.443000000000000000e+03 5.600300000000000000e+04 1.453000000000000000e+03 4.775700000000000000e+04 1.452000000000000000e+03 5.591100000000000000e+04
7.769943208800000320e+02 1.451000000000000000e+03 5.610500000000000000e+04 1.458000000000000000e+03 4.773900000000000000e+04 1.445000000000000000e+03 5.614900000000000000e+04
7.773991852700000891e+02 1.440000000000000000e+03 5.594100000000000000e+04 1.451000000000000000e+03 4.764900000000000000e+04 1.446000000000000000e+03 5.591400000000000000e+04
7.778041099199999735e+02 1.420000000000000000e+03 5.574000000000000000e+04 1.419000000000000000e+03 4.733000000000000000e+04 1.431000000000000000e+03 5.568500000000000000e+04
7.782090948299999127e+02 1.449000000000000000e+03 5.587700000000000000e+04 1.452000000000000000e+03 4.739500000000000000e+04 1.447000000000000000e+03 5.567200000000000000e+04
7.786141400000000203e+02 1.438000000000000000e+03 5.590600000000000000e+04 1.438000000000000000e+03 4.727500000000000000e+04 1.431000000000000000e+03 5.580400000000000000e+04
7.790192454299999554e+02 1.457000000000000000e+03 5.582800000000000000e+04 1.454000000000000000e+03 4.740800000000000000e+04 1.468000000000000000e+03 5.579900000000000000e+04
7.794244111200000589e+02 1.444000000000000000e+03 5.569900000000000000e+04 1.444000000000000000e+03 4.739800000000000000e+04 1.448000000000000000e+03 5.564700000000000000e+04
7.798296370699999898e+02 1.424000000000000000e+03 5.594700000000000000e+04 1.434000000000000000e+03 4.753700000000000000e+04 1.448000000000000000e+03 5.582300000000000000e+04
7.802349232799999754e+02 1.449000000000000000e+03 5.542800000000000000e+04 1.445000000000000000e+03 4.702200000000000000e+04 1.457000000000000000e+03 5.527300000000000000e+04
7.806402697500000158e+02 1.465000000000000000e+03 5.524900000000000000e+04 1.472000000000000000e+03 4.710900000000000000e+04 1.483000000000000000e+03 5.521000000000000000e+04
7.810456764799999974e+02 1.440000000000000000e+03 5.524900000000000000e+04 1.446000000000000000e+03 4.695800000000000000e+04 1.446000000000000000e+03 5.508000000000000000e+04
7.814511434700000336e+02 1.438000000000000000e+03 5.545900000000000000e+04 1.439000000000000000e+03 4.690500000000000000e+04 1.451000000000000000e+03 5.520700000000000000e+04
7.818566707200000110e+02 1.439000000000000000e+03 5.529900000000000000e+04 1.444000000000000000e+03 4.689500000000000000e+04 1.453000000000000000e+03 5.516000000000000000e+04
7.822622582300000431e+02 1.465000000000000000e+03 5.523900000000000000e+04 1.469000000000000000e+03 4.684000000000000000e+04 1.467000000000000000e+03 5.515100000000000000e+04
7.826679060000000163e+02 1.432000000000000000e+03 5.520000000000000000e+04 1.441000000000000000e+03 4.680800000000000000e+04 1.451000000000000000e+03 5.523400000000000000e+04
7.830736140300000443e+02 1.434000000000000000e+03 5.508800000000000000e+04 1.443000000000000000e+03 4.665600000000000000e+04 1.443000000000000000e+03 5.498200000000000000e+04
7.834793823200000134e+02 1.428000000000000000e+03 5.488000000000000000e+04 1.443000000000000000e+03 4.642000000000000000e+04 1.436000000000000000e+03 5.475900000000000000e+04
7.838852108700000372e+02 1.435000000000000000e+03 5.463800000000000000e+04 1.443000000000000000e+03 4.642600000000000000e+04 1.457000000000000000e+03 5.471300000000000000e+04
7.842910996800001158e+02 1.434000000000000000e+03 5.461300000000000000e+04 1.443000000000000000e+03 4.628800000000000000e+04 1.433000000000000000e+03 5.445100000000000000e+04
7.846970487500000218e+02 1.427000000000000000e+03 5.479000000000000000e+04 1.440000000000000000e+03 4.644000000000000000e+04 1.440000000000000000e+03 5.466500000000000000e+04
7.851030580799999825e+02 1.477000000000000000e+03 5.450100000000000000e+04 1.475000000000000000e+03 4.622200000000000000e+04 1.496000000000000000e+03 5.458000000000000000e+04
7.855091276699999980e+02 1.454000000000000000e+03 5.447700000000000000e+04 1.472000000000000000e+03 4.616500000000000000e+04 1.479000000000000000e+03 5.453200000000000000e+04
7.859152575200000683e+02 1.443000000000000000e+03 5.450700000000000000e+04 1.449000000000000000e+03 4.614100000000000000e+04 1.466000000000000000e+03 5.443400000000000000e+04
7.863214476299999660e+02 1.451000000000000000e+03 5.448100000000000000e+04 1.447000000000000000e+03 4.618100000000000000e+04 1.444000000000000000e+03 5.434200000000000000e+04
7.867276980000000322e+02 1.416000000000000000e+03 5.451600000000000000e+04 1.427000000000000000e+03 4.609100000000000000e+04 1.428000000000000000e+03 5.442500000000000000e+04
7.871340086300000394e+02 1.427000000000000000e+03 5.421800000000000000e+04 1.433000000000000000e+03 4.579100000000000000e+04 1.435000000000000000e+03 5.421400000000000000e+04
7.875403795199999877e+02 1.411000000000000000e+03 5.419900000000000000e+04 1.419000000000000000e+03 4.572700000000000000e+04 1.427000000000000000e+03 5.407600000000000000e+04
7.879468106699999908e+02 1.449000000000000000e+03 5.427100000000000000e+04 1.460000000000000000e+03 4.587100000000000000e+04 1.451000000000000000e+03 5.432800000000000000e+04
7.883533020800000486e+02 1.410000000000000000e+03 5.413500000000000000e+04 1.397000000000000000e+03 4.581000000000000000e+04 1.412000000000000000e+03 5.414200000000000000e+04
7.887598537500000475e+02 1.438000000000000000e+03 5.439900000000000000e+04 1.442000000000000000e+03 4.610400000000000000e+04 1.459000000000000000e+03 5.423600000000000000e+04
7.891664656799999875e+02 1.415000000000000000e+03 5.395200000000000000e+04 1.410000000000000000e+03 4.561000000000000000e+04 1.409000000000000000e+03 5.395500000000000000e+04
7.895731378699999823e+02 1.431000000000000000e+03 5.409000000000000000e+04 1.436000000000000000e+03 4.564600000000000000e+04 1.439000000000000000e+03 5.390700000000000000e+04
7.899798703200000318e+02 1.422000000000000000e+03 5.375100000000000000e+04 1.430000000000000000e+03 4.535400000000000000e+04 1.429000000000000000e+03 5.358200000000000000e+04
7.903866630300000224e+02 1.439000000000000000e+03 5.358500000000000000e+04 1.433000000000000000e+03 4.525000000000000000e+04 1.445000000000000000e+03 5.369200000000000000e+04
7.907935159999999541e+02 1.416000000000000000e+03 5.371600000000000000e+04 1.428000000000000000e+03 4.533000000000000000e+04 1.421000000000000000e+03 5.364500000000000000e+04
7.912004292300000543e+02 1.479000000000000000e+03 5.351100000000000000e+04 1.487000000000000000e+03 4.502600000000000000e+04 1.488000000000000000e+03 5.330200000000000000e+04
7.916074027199999819e+02 1.427000000000000000e+03 5.318900000000000000e+04 1.432000000000000000e+03 4.489100000000000000e+04 1.431000000000000000e+03 5.323500000000000000e+04
7.920144364699999642e+02 1.465000000000000000e+03 5.334400000000000000e+04 1.472000000000000000e+03 4.490700000000000000e+04 1.473000000000000000e+03 5.319600000000000000e+04
7.924215304800000013e+02 1.454000000000000000e+03 5.308900000000000000e+04 1.457000000000000000e+03 4.475000000000000000e+04 1.454000000000000000e+03 5.299300000000000000e+04
7.928286847500000931e+02 1.475000000000000000e+03 5.292700000000000000e+04 1.485000000000000000e+03 4.453600000000000000e+04 1.488000000000000000e+03 5.288000000000000000e+04
7.932358992800000124e+02 1.470000000000000000e+03 5.289100000000000000e+04 1.468000000000000000e+03 4.447100000000000000e+04 1.485000000000000000e+03 5.261500000000000000e+04
7.936431740699999864e+02 1.451000000000000000e+03 5.255700000000000000e+04 1.452000000000000000e+03 4.413800000000000000e+04 1.469000000000000000e+03 5.253900000000000000e+04
7.940505091200000152e+02 1.440000000000000000e+03 5.241100000000000000e+04 1.437000000000000000e+03 4.415600000000000000e+04 1.449000000000000000e+03 5.232500000000000000e+04
7.944579044299999850e+02 1.445000000000000000e+03 5.260600000000000000e+04 1.458000000000000000e+03 4.430300000000000000e+04 1.461000000000000000e+03 5.249500000000000000e+04
7.948653600000000097e+02 1.437000000000000000e+03 5.261900000000000000e+04 1.426000000000000000e+03 4.434500000000000000e+04 1.441000000000000000e+03 5.269300000000000000e+04
7.952728758299999754e+02 1.440000000000000000e+03 5.274700000000000000e+04 1.426000000000000000e+03 4.451900000000000000e+04 1.445000000000000000e+03 5.261400000000000000e+04
7.956804519199999959e+02 1.439000000000000000e+03 5.270200000000000000e+04 1.431000000000000000e+03 4.431500000000000000e+04 1.439000000000000000e+03 5.261400000000000000e+04
7.960880882700000711e+02 1.434000000000000000e+03 5.249800000000000000e+04 1.441000000000000000e+03 4.416300000000000000e+04 1.442000000000000000e+03 5.237600000000000000e+04
7.964957848799999738e+02 1.428000000000000000e+03 5.243300000000000000e+04 1.426000000000000000e+03 4.402700000000000000e+04 1.439000000000000000e+03 5.229400000000000000e+04
7.969035417500000449e+02 1.445000000000000000e+03 5.219400000000000000e+04 1.448000000000000000e+03 4.375200000000000000e+04 1.466000000000000000e+03 5.200300000000000000e+04
7.973113588799999434e+02 1.420000000000000000e+03 5.194000000000000000e+04 1.425000000000000000e+03 4.356500000000000000e+04 1.427000000000000000e+03 5.179600000000000000e+04
7.977192362700000103e+02 1.445000000000000000e+03 5.169000000000000000e+04 1.454000000000000000e+03 4.339300000000000000e+04 1.449000000000000000e+03 5.172100000000000000e+04
7.981271739199999047e+02 1.453000000000000000e+03 5.160100000000000000e+04 1.468000000000000000e+03 4.338400000000000000e+04 1.462000000000000000e+03 5.165700000000000000e+04
7.985351718299999675e+02 1.440000000000000000e+03 5.146800000000000000e+04 1.435000000000000000e+03 4.330400000000000000e+04 1.445000000000000000e+03 5.164900000000000000e+04
7.989432300000000851e+02 1.475000000000000000e+03 5.160800000000000000e+04 1.476000000000000000e+03 4.328300000000000000e+04 1.480000000000000000e+03 5.142200000000000000e+04
7.993513484300000300e+02 1.442000000000000000e+03 5.146400000000000000e+04 1.439000000000000000e+03 4.309900000000000000e+04 1.446000000000000000e+03 5.129200000000000000e+04
7.997595271200000298e+02 1.429000000000000000e+03 5.145800000000000000e+04 1.425000000000000000e+03 4.320500000000000000e+04 1.434000000000000000e+03 5.134800000000000000e+04
8.001677660699999706e+02 1.441000000000000000e+03 5.123400000000000000e+04 1.428000000000000000e+03 4.289600000000000000e+04 1.435000000000000000e+03 5.116300000000000000e+04
8.005760652799999662e+02 1.427000000000000000e+03 5.115600000000000000e+04 1.422000000000000000e+03 4.301700000000000000e+04 1.423000000000000000e+03 5.126600000000000000e+04
8.009844247500000165e+02 1.415000000000000000e+03 5.115300000000000000e+04 1.422000000000000000e+03 4.294900000000000000e+04 1.431000000000000000e+03 5.104600000000000000e+04
8.013928444800000079e+02 1.425000000000000000e+03 5.119700000000000000e+04 1.427000000000000000e+03 4.289000000000000000e+04 1.427000000000000000e+03 5.103000000000000000e+04
8.018013244700000541e+02 1.432000000000000000e+03 5.084400000000000000e+04 1.448000000000000000e+03 4.260000000000000000e+04 1.447000000000000000e+03 5.080300000000000000e+04
8.022098647200000414e+02 1.424000000000000000e+03 5.079900000000000000e+04 1.432000000000000000e+03 4.256600000000000000e+04 1.433000000000000000e+03 5.066600000000000000e+04
8.026184652300000835e+02 1.438000000000000000e+03 5.070600000000000000e+04 1.434000000000000000e+03 4.248500000000000000e+04 1.443000000000000000e+03 5.055900000000000000e+04
8.030271259999999529e+02 1.438000000000000000e+03 5.021400000000000000e+04 1.434000000000000000e+03 4.215900000000000000e+04 1.439000000000000000e+03 5.034000000000000000e+04
8.034358470300001045e+02 1.425000000000000000e+03 5.023500000000000000e+04 1.427000000000000000e+03 4.203200000000000000e+04 1.440000000000000000e+03 5.036300000000000000e+04
8.038446283200000835e+02 1.435000000000000000e+03 5.025100000000000000e+04 1.446000000000000000e+03 4.202200000000000000e+04 1.447000000000000000e+03 5.018700000000000000e+04
8.042534698700001172e+02 1.418000000000000000e+03 5.015900000000000000e+04 1.428000000000000000e+03 4.178000000000000000e+04 1.425000000000000000e+03 5.000800000000000000e+04
8.046623716799999784e+02 1.423000000000000000e+03 4.999500000000000000e+04 1.430000000000000000e+03 4.164600000000000000e+04 1.436000000000000000e+03 4.999900000000000000e+04
8.050713337500000080e+02 1.420000000000000000e+03 5.008100000000000000e+04 1.430000000000000000e+03 4.181800000000000000e+04 1.432000000000000000e+03 5.001800000000000000e+04
8.054803560799999786e+02 1.446000000000000000e+03 5.011900000000000000e+04 1.457000000000000000e+03 4.202200000000000000e+04 1.457000000000000000e+03 5.003900000000000000e+04
8.058894386700000041e+02 1.437000000000000000e+03 4.988900000000000000e+04 1.445000000000000000e+03 4.170100000000000000e+04 1.438000000000000000e+03 4.979100000000000000e+04
8.062985815199999706e+02 1.423000000000000000e+03 4.959100000000000000e+04 1.422000000000000000e+03 4.141100000000000000e+04 1.431000000000000000e+03 4.949500000000000000e+04
8.067077846299999919e+02 1.436000000000000000e+03 4.914000000000000000e+04 1.441000000000000000e+03 4.107300000000000000e+04 1.449000000000000000e+03 4.913300000000000000e+04
8.071170480000000680e+02 1.435000000000000000e+03 4.940700000000000000e+04 1.432000000000000000e+03 4.148700000000000000e+04 1.438000000000000000e+03 4.929600000000000000e+04
8.075263716300000851e+02 1.422000000000000000e+03 4.932000000000000000e+04 1.446000000000000000e+03 4.118200000000000000e+04 1.443000000000000000e+03 4.930900000000000000e+04
8.079357555199999297e+02 1.424000000000000000e+03 4.920900000000000000e+04 1.439000000000000000e+03 4.105500000000000000e+04 1.427000000000000000e+03 4.902300000000000000e+04
8.083451996700000564e+02 1.450000000000000000e+03 4.878400000000000000e+04 1.448000000000000000e+03 4.064600000000000000e+04 1.455000000000000000e+03 4.879800000000000000e+04
8.087547040800000104e+02 1.428000000000000000e+03 4.874300000000000000e+04 1.438000000000000000e+03 4.064000000000000000e+04 1.445000000000000000e+03 4.874400000000000000e+04
8.091642687500000193e+02 1.432000000000000000e+03 4.889900000000000000e+04 1.437000000000000000e+03 4.080300000000000000e+04 1.438000000000000000e+03 4.875700000000000000e+04
8.095738936800000829e+02 1.425000000000000000e+03 4.877300000000000000e+04 1.435000000000000000e+03 4.051500000000000000e+04 1.448000000000000000e+03 4.861000000000000000e+04
8.099835788699999739e+02 1.444000000000000000e+03 4.870700000000000000e+04 1.442000000000000000e+03 4.060100000000000000e+04 1.449000000000000000e+03 4.869200000000000000e+04
8.103933243200000334e+02 1.442000000000000000e+03 4.855500000000000000e+04 1.450000000000000000e+03 4.049100000000000000e+04 1.436000000000000000e+03 4.857600000000000000e+04
8.108031300300000339e+02 1.436000000000000000e+03 4.845000000000000000e+04 1.441000000000000000e+03 4.043500000000000000e+04 1.438000000000000000e+03 4.827300000000000000e+04
8.112129959999999755e+02 1.463000000000000000e+03 4.843100000000000000e+04 1.467000000000000000e+03 4.024200000000000000e+04 1.476000000000000000e+03 4.838800000000000000e+04
8.116229222299999719e+02 1.465000000000000000e+03 4.828300000000000000e+04 1.461000000000000000e+03 4.015400000000000000e+04 1.482000000000000000e+03 4.819800000000000000e+04
8.120329087200000231e+02 1.429000000000000000e+03 4.791500000000000000e+04 1.451000000000000000e+03 3.998800000000000000e+04 1.456000000000000000e+03 4.799900000000000000e+04
8.124429554700000153e+02 1.420000000000000000e+03 4.780300000000000000e+04 1.436000000000000000e+03 3.974000000000000000e+04 1.440000000000000000e+03 4.777600000000000000e+04
8.128530624800000624e+02 1.424000000000000000e+03 4.767400000000000000e+04 1.423000000000000000e+03 3.963600000000000000e+04 1.422000000000000000e+03 4.749200000000000000e+04
8.132632297499999368e+02 1.440000000000000000e+03 4.760300000000000000e+04 1.439000000000000000e+03 3.945000000000000000e+04 1.448000000000000000e+03 4.749200000000000000e+04
8.136734572800000933e+02 1.417000000000000000e+03 4.728600000000000000e+04 1.431000000000000000e+03 3.936800000000000000e+04 1.434000000000000000e+03 4.730100000000000000e+04
8.140837450700000772e+02 1.444000000000000000e+03 4.716500000000000000e+04 1.452000000000000000e+03 3.937400000000000000e+04 1.449000000000000000e+03 4.716200000000000000e+04
8.144940931200000023e+02 1.420000000000000000e+03 4.715900000000000000e+04 1.428000000000000000e+03 3.929800000000000000e+04 1.435000000000000000e+03 4.715800000000000000e+04
8.149045014299999821e+02 1.457000000000000000e+03 4.708800000000000000e+04 1.459000000000000000e+03 3.919300000000000000e+04 1.463000000000000000e+03 4.692700000000000000e+04
8.153149700000000166e+02 1.407000000000000000e+03 4.681600000000000000e+04 1.416000000000000000e+03 3.892700000000000000e+04 1.425000000000000000e+03 4.687200000000000000e+04
8.157254988299999923e+02 1.472000000000000000e+03 4.686400000000000000e+04 1.477000000000000000e+03 3.904700000000000000e+04 1.474000000000000000e+03 4.685900000000000000e+04
8.161360879200000227e+02 1.425000000000000000e+03 4.683600000000000000e+04 1.424000000000000000e+03 3.899600000000000000e+04 1.432000000000000000e+03 4.686000000000000000e+04
8.165467372699999942e+02 1.435000000000000000e+03 4.667800000000000000e+04 1.444000000000000000e+03 3.873800000000000000e+04 1.437000000000000000e+03 4.659100000000000000e+04
8.169574468800000204e+02 1.434000000000000000e+03 4.654400000000000000e+04 1.443000000000000000e+03 3.862500000000000000e+04 1.441000000000000000e+03 4.634600000000000000e+04
8.173682167500001015e+02 1.443000000000000000e+03 4.645100000000000000e+04 1.459000000000000000e+03 3.862900000000000000e+04 1.473000000000000000e+03 4.631500000000000000e+04
8.177790468800000099e+02 1.426000000000000000e+03 4.621700000000000000e+04 1.444000000000000000e+03 3.843000000000000000e+04 1.442000000000000000e+03 4.618400000000000000e+04
8.181899372699999731e+02 1.438000000000000000e+03 4.628500000000000000e+04 1.448000000000000000e+03 3.843700000000000000e+04 1.437000000000000000e+03 4.609700000000000000e+04
8.186008879199999910e+02 1.425000000000000000e+03 4.613200000000000000e+04 1.434000000000000000e+03 3.832800000000000000e+04 1.432000000000000000e+03 4.599100000000000000e+04
8.190118988300000638e+02 1.436000000000000000e+03 4.624100000000000000e+04 1.446000000000000000e+03 3.835600000000000000e+04 1.448000000000000000e+03 4.613400000000000000e+04
8.194229700000000776e+02 1.438000000000000000e+03 4.610600000000000000e+04 1.436000000000000000e+03 3.827100000000000000e+04 1.446000000000000000e+03 4.592400000000000000e+04
8.198341014300000325e+02 1.441000000000000000e+03 4.616100000000000000e+04 1.437000000000000000e+03 3.822800000000000000e+04 1.447000000000000000e+03 4.607100000000000000e+04
8.202452931200000421e+02 1.389000000000000000e+03 4.596400000000000000e+04 1.410000000000000000e+03 3.813500000000000000e+04 1.415000000000000000e+03 4.582800000000000000e+04
8.206565450699999928e+02 1.413000000000000000e+03 4.591200000000000000e+04 1.424000000000000000e+03 3.816900000000000000e+04 1.417000000000000000e+03 4.588600000000000000e+04
8.210678572799999984e+02 1.415000000000000000e+03 4.577100000000000000e+04 1.418000000000000000e+03 3.804500000000000000e+04 1.422000000000000000e+03 4.575000000000000000e+04
8.214792297500000586e+02 1.418000000000000000e+03 4.573100000000000000e+04 1.417000000000000000e+03 3.805000000000000000e+04 1.428000000000000000e+03 4.572000000000000000e+04
8.218906624799999463e+02 1.418000000000000000e+03 4.563200000000000000e+04 1.420000000000000000e+03 3.788800000000000000e+04 1.430000000000000000e+03 4.557500000000000000e+04
8.223021554700000024e+02 1.420000000000000000e+03 4.555900000000000000e+04 1.438000000000000000e+03 3.768900000000000000e+04 1.425000000000000000e+03 4.537600000000000000e+04
8.227137087199999996e+02 1.447000000000000000e+03 4.540600000000000000e+04 1.445000000000000000e+03 3.758700000000000000e+04 1.463000000000000000e+03 4.523500000000000000e+04
8.231253222299999379e+02 1.436000000000000000e+03 4.501600000000000000e+04 1.444000000000000000e+03 3.749400000000000000e+04 1.452000000000000000e+03 4.496300000000000000e+04
8.235369960000000447e+02 1.451000000000000000e+03 4.506500000000000000e+04 1.460000000000000000e+03 3.732000000000000000e+04 1.459000000000000000e+03 4.496100000000000000e+04
8.239487300299999788e+02 1.405000000000000000e+03 4.499200000000000000e+04 1.415000000000000000e+03 3.731600000000000000e+04 1.412000000000000000e+03 4.497800000000000000e+04
8.243605243199999677e+02 1.436000000000000000e+03 4.476900000000000000e+04 1.437000000000000000e+03 3.725300000000000000e+04 1.444000000000000000e+03 4.472300000000000000e+04
8.247723788700000114e+02 1.429000000000000000e+03 4.458600000000000000e+04 1.440000000000000000e+03 3.715200000000000000e+04 1.427000000000000000e+03 4.462600000000000000e+04
8.251842936799999961e+02 1.416000000000000000e+03 4.473000000000000000e+04 1.419000000000000000e+03 3.712500000000000000e+04 1.418000000000000000e+03 4.470800000000000000e+04
8.255962687500000357e+02 1.423000000000000000e+03 4.438100000000000000e+04 1.423000000000000000e+03 3.686700000000000000e+04 1.423000000000000000e+03 4.449600000000000000e+04
8.260083040800000163e+02 1.400000000000000000e+03 4.461700000000000000e+04 1.422000000000000000e+03 3.699000000000000000e+04 1.422000000000000000e+03 4.445600000000000000e+04
8.264203996700000516e+02 1.422000000000000000e+03 4.438600000000000000e+04 1.426000000000000000e+03 3.681400000000000000e+04 1.425000000000000000e+03 4.441700000000000000e+04
8.268325555200000281e+02 1.450000000000000000e+03 4.457300000000000000e+04 1.463000000000000000e+03 3.692600000000000000e+04 1.454000000000000000e+03 4.442300000000000000e+04
8.272447716300000593e+02 1.433000000000000000e+03 4.446800000000000000e+04 1.444000000000000000e+03 3.690900000000000000e+04 1.446000000000000000e+03 4.433000000000000000e+04
8.276570480000000316e+02 1.424000000000000000e+03 4.433500000000000000e+04 1.434000000000000000e+03 3.673300000000000000e+04 1.434000000000000000e+03 4.419900000000000000e+04
8.280693846300000587e+02 1.437000000000000000e+03 4.419400000000000000e+04 1.438000000000000000e+03 3.657800000000000000e+04 1.449000000000000000e+03 4.397300000000000000e+04
8.284817815199999131e+02 1.417000000000000000e+03 4.407700000000000000e+04 1.417000000000000000e+03 3.652000000000000000e+04 1.423000000000000000e+03 4.405100000000000000e+04
8.288942386700000498e+02 1.445000000000000000e+03 4.398000000000000000e+04 1.437000000000000000e+03 3.648900000000000000e+04 1.445000000000000000e+03 4.384900000000000000e+04
8.293067560800000138e+02 1.420000000000000000e+03 4.388700000000000000e+04 1.433000000000000000e+03 3.634600000000000000e+04 1.428000000000000000e+03 4.383000000000000000e+04
8.297193337500000325e+02 1.431000000000000000e+03 4.380000000000000000e+04 1.431000000000000000e+03 3.632700000000000000e+04 1.441000000000000000e+03 4.365000000000000000e+04
8.301319716799999924e+02 1.400000000000000000e+03 4.372000000000000000e+04 1.408000000000000000e+03 3.625400000000000000e+04 1.409000000000000000e+03 4.358400000000000000e+04
8.305446698700000070e+02 1.430000000000000000e+03 4.365300000000000000e+04 1.435000000000000000e+03 3.625900000000000000e+04 1.444000000000000000e+03 4.358500000000000000e+04
8.309574283199999627e+02 1.408000000000000000e+03 4.357900000000000000e+04 1.408000000000000000e+03 3.619500000000000000e+04 1.422000000000000000e+03 4.355400000000000000e+04
8.313702470299999732e+02 1.431000000000000000e+03 4.362000000000000000e+04 1.439000000000000000e+03 3.616900000000000000e+04 1.445000000000000000e+03 4.354900000000000000e+04
8.317831260000000384e+02 1.405000000000000000e+03 4.340200000000000000e+04 1.422000000000000000e+03 3.610800000000000000e+04 1.430000000000000000e+03 4.343800000000000000e+04
8.321960652299999310e+02 1.428000000000000000e+03 4.340000000000000000e+04 1.435000000000000000e+03 3.608000000000000000e+04 1.444000000000000000e+03 4.341800000000000000e+04
8.326090647199999921e+02 1.452000000000000000e+03 4.327800000000000000e+04 1.463000000000000000e+03 3.589300000000000000e+04 1.460000000000000000e+03 4.320100000000000000e+04
8.330221244699999943e+02 1.482000000000000000e+03 4.320200000000000000e+04 1.481000000000000000e+03 3.573900000000000000e+04 1.490000000000000000e+03 4.310300000000000000e+04
8.334352444799999375e+02 1.430000000000000000e+03 4.303300000000000000e+04 1.436000000000000000e+03 3.580000000000000000e+04 1.432000000000000000e+03 4.301400000000000000e+04
8.338484247500000492e+02 1.412000000000000000e+03 4.299800000000000000e+04 1.415000000000000000e+03 3.583700000000000000e+04 1.426000000000000000e+03 4.303500000000000000e+04
8.342616652799999883e+02 1.416000000000000000e+03 4.314300000000000000e+04 1.426000000000000000e+03 3.580200000000000000e+04 1.435000000000000000e+03 4.297500000000000000e+04
8.346749660699999822e+02 1.400000000000000000e+03 4.315200000000000000e+04 1.425000000000000000e+03 3.581500000000000000e+04 1.425000000000000000e+03 4.315200000000000000e+04
8.350883271200000308e+02 1.406000000000000000e+03 4.298300000000000000e+04 1.421000000000000000e+03 3.568100000000000000e+04 1.425000000000000000e+03 4.304400000000000000e+04
8.355017484299999069e+02 1.441000000000000000e+03 4.300000000000000000e+04 1.438000000000000000e+03 3.575600000000000000e+04 1.443000000000000000e+03 4.298400000000000000e+04
8.359152300000000650e+02 1.424000000000000000e+03 4.296400000000000000e+04 1.434000000000000000e+03 3.563700000000000000e+04 1.440000000000000000e+03 4.294800000000000000e+04
8.363287718300000506e+02 1.431000000000000000e+03 4.300700000000000000e+04 1.439000000000000000e+03 3.573700000000000000e+04 1.442000000000000000e+03 4.307300000000000000e+04
8.367423739200000909e+02 1.409000000000000000e+03 4.297600000000000000e+04 1.420000000000000000e+03 3.581100000000000000e+04 1.426000000000000000e+03 4.305500000000000000e+04
8.371560362699999587e+02 1.413000000000000000e+03 4.291100000000000000e+04 1.431000000000000000e+03 3.552200000000000000e+04 1.429000000000000000e+03 4.290000000000000000e+04
8.375697588800001085e+02 1.406000000000000000e+03 4.268400000000000000e+04 1.431000000000000000e+03 3.538000000000000000e+04 1.424000000000000000e+03 4.263600000000000000e+04
8.379835417500000858e+02 1.422000000000000000e+03 4.266200000000000000e+04 1.425000000000000000e+03 3.548200000000000000e+04 1.434000000000000000e+03 4.255400000000000000e+04
8.383973848800000042e+02 1.429000000000000000e+03 4.264600000000000000e+04 1.435000000000000000e+03 3.554300000000000000e+04 1.438000000000000000e+03 4.258500000000000000e+04
8.388112882699999773e+02 1.407000000000000000e+03 4.241800000000000000e+04 1.412000000000000000e+03 3.531700000000000000e+04 1.413000000000000000e+03 4.239800000000000000e+04
8.392252519200000052e+02 1.431000000000000000e+03 4.250000000000000000e+04 1.442000000000000000e+03 3.530200000000000000e+04 1.447000000000000000e+03 4.231700000000000000e+04
8.396392758300000878e+02 1.430000000000000000e+03 4.257700000000000000e+04 1.441000000000000000e+03 3.551800000000000000e+04 1.447000000000000000e+03 4.253800000000000000e+04
8.400533599999999979e+02 1.436000000000000000e+03 4.244300000000000000e+04 1.441000000000000000e+03 3.530600000000000000e+04 1.441000000000000000e+03 4.234000000000000000e+04
8.404675044299999627e+02 1.435000000000000000e+03 4.237500000000000000e+04 1.434000000000000000e+03 3.522100000000000000e+04 1.440000000000000000e+03 4.235100000000000000e+04
8.408817091200000959e+02 1.405000000000000000e+03 4.228700000000000000e+04 1.417000000000000000e+03 3.524100000000000000e+04 1.420000000000000000e+03 4.217200000000000000e+04
8.412959740700000566e+02 1.422000000000000000e+03 4.229800000000000000e+04 1.428000000000000000e+03 3.520200000000000000e+04 1.433000000000000000e+03 4.233200000000000000e+04
8.417102992799999583e+02 1.413000000000000000e+03 4.208200000000000000e+04 1.403000000000000000e+03 3.515000000000000000e+04 1.419000000000000000e+03 4.200200000000000000e+04
8.421246847499999149e+02 1.441000000000000000e+03 4.201000000000000000e+04 1.438000000000000000e+03 3.503900000000000000e+04 1.454000000000000000e+03 4.196400000000000000e+04
8.425391304800000398e+02 1.434000000000000000e+03 4.201700000000000000e+04 1.429000000000000000e+03 3.507500000000000000e+04 1.449000000000000000e+03 4.198800000000000000e+04
8.429536364699999922e+02 1.434000000000000000e+03 4.197100000000000000e+04 1.431000000000000000e+03 3.507000000000000000e+04 1.443000000000000000e+03 4.191600000000000000e+04
8.433682027199999993e+02 1.434000000000000000e+03 4.211700000000000000e+04 1.453000000000000000e+03 3.521200000000000000e+04 1.455000000000000000e+03 4.211200000000000000e+04
8.437828292300000612e+02 1.451000000000000000e+03 4.194800000000000000e+04 1.443000000000000000e+03 3.501500000000000000e+04 1.451000000000000000e+03 4.199200000000000000e+04
8.441975159999999505e+02 1.452000000000000000e+03 4.199100000000000000e+04 1.463000000000000000e+03 3.492200000000000000e+04 1.471000000000000000e+03 4.178300000000000000e+04
8.446122630300000083e+02 1.410000000000000000e+03 4.169400000000000000e+04 1.425000000000000000e+03 3.467100000000000000e+04 1.421000000000000000e+03 4.156900000000000000e+04
8.450270703199998934e+02 1.429000000000000000e+03 4.170800000000000000e+04 1.435000000000000000e+03 3.479900000000000000e+04 1.448000000000000000e+03 4.165400000000000000e+04
8.454419378699999470e+02 1.440000000000000000e+03 4.169200000000000000e+04 1.445000000000000000e+03 3.481500000000000000e+04 1.453000000000000000e+03 4.175100000000000000e+04
8.458568656800000554e+02 1.422000000000000000e+03 4.173400000000000000e+04 1.424000000000000000e+03 3.480900000000000000e+04 1.423000000000000000e+03 4.169900000000000000e+04
8.462718537499999911e+02 1.425000000000000000e+03 4.194000000000000000e+04 1.430000000000000000e+03 3.491000000000000000e+04 1.428000000000000000e+03 4.173800000000000000e+04
8.466869020799999817e+02 1.410000000000000000e+03 4.177800000000000000e+04 1.414000000000000000e+03 3.482600000000000000e+04 1.423000000000000000e+03 4.162300000000000000e+04
8.471020106700000269e+02 1.434000000000000000e+03 4.159600000000000000e+04 1.442000000000000000e+03 3.477800000000000000e+04 1.454000000000000000e+03 4.146500000000000000e+04
8.475171795200000133e+02 1.438000000000000000e+03 4.169700000000000000e+04 1.446000000000000000e+03 3.471800000000000000e+04 1.445000000000000000e+03 4.148700000000000000e+04
8.479324086300000545e+02 1.436000000000000000e+03 4.148600000000000000e+04 1.452000000000000000e+03 3.462600000000000000e+04 1.456000000000000000e+03 4.141400000000000000e+04
8.483476980000000367e+02 1.417000000000000000e+03 4.162700000000000000e+04 1.411000000000000000e+03 3.476000000000000000e+04 1.434000000000000000e+03 4.149100000000000000e+04
8.487630476299999600e+02 1.445000000000000000e+03 4.179300000000000000e+04 1.452000000000000000e+03 3.497500000000000000e+04 1.465000000000000000e+03 4.172100000000000000e+04
8.491784575199999381e+02 1.441000000000000000e+03 4.173400000000000000e+04 1.440000000000000000e+03 3.481600000000000000e+04 1.450000000000000000e+03 4.153100000000000000e+04
8.495939276700000846e+02 1.420000000000000000e+03 4.174500000000000000e+04 1.420000000000000000e+03 3.493400000000000000e+04 1.427000000000000000e+03 4.170100000000000000e+04
8.500094580800000585e+02 1.400000000000000000e+03 4.181200000000000000e+04 1.403000000000000000e+03 3.486600000000000000e+04 1.407000000000000000e+03 4.164000000000000000e+04
8.504250487500000872e+02 1.406000000000000000e+03 4.172400000000000000e+04 1.417000000000000000e+03 3.498700000000000000e+04 1.420000000000000000e+03 4.166100000000000000e+04
8.508406996799999433e+02 1.427000000000000000e+03 4.162500000000000000e+04 1.428000000000000000e+03 3.492100000000000000e+04 1.441000000000000000e+03 4.159500000000000000e+04
8.512564108700000816e+02 1.448000000000000000e+03 4.153500000000000000e+04 1.443000000000000000e+03 3.481600000000000000e+04 1.438000000000000000e+03 4.147700000000000000e+04
8.516721823200000472e+02 1.431000000000000000e+03 4.144700000000000000e+04 1.423000000000000000e+03 3.471400000000000000e+04 1.423000000000000000e+03 4.143800000000000000e+04
8.520880140300000676e+02 1.435000000000000000e+03 4.142600000000000000e+04 1.447000000000000000e+03 3.483900000000000000e+04 1.446000000000000000e+03 4.151800000000000000e+04
8.525039059999999154e+02 1.396000000000000000e+03 4.129300000000000000e+04 1.398000000000000000e+03 3.456300000000000000e+04 1.404000000000000000e+03 4.125000000000000000e+04
8.529198582300000453e+02 1.431000000000000000e+03 4.114300000000000000e+04 1.427000000000000000e+03 3.459100000000000000e+04 1.434000000000000000e+03 4.114100000000000000e+04
8.533358707200000026e+02 1.419000000000000000e+03 4.124300000000000000e+04 1.432000000000000000e+03 3.456300000000000000e+04 1.437000000000000000e+03 4.114300000000000000e+04
8.537519434700000147e+02 1.433000000000000000e+03 4.132400000000000000e+04 1.445000000000000000e+03 3.469200000000000000e+04 1.443000000000000000e+03 4.126900000000000000e+04
8.541680764800000816e+02 1.413000000000000000e+03 4.139100000000000000e+04 1.419000000000000000e+03 3.474300000000000000e+04 1.414000000000000000e+03 4.137300000000000000e+04
8.545842697499999758e+02 1.442000000000000000e+03 4.123000000000000000e+04 1.453000000000000000e+03 3.459100000000000000e+04 1.451000000000000000e+03 4.116100000000000000e+04
8.550005232800000385e+02 1.419000000000000000e+03 4.156500000000000000e+04 1.442000000000000000e+03 3.481100000000000000e+04 1.451000000000000000e+03 4.141100000000000000e+04
8.554168370699999286e+02 1.453000000000000000e+03 4.142600000000000000e+04 1.456000000000000000e+03 3.480300000000000000e+04 1.480000000000000000e+03 4.119700000000000000e+04
8.558332111199999872e+02 1.381000000000000000e+03 4.129500000000000000e+04 1.395000000000000000e+03 3.456300000000000000e+04 1.393000000000000000e+03 4.118800000000000000e+04
8.562496454299999868e+02 1.421000000000000000e+03 4.137100000000000000e+04 1.427000000000000000e+03 3.484100000000000000e+04 1.431000000000000000e+03 4.132700000000000000e+04
8.566661400000000413e+02 1.426000000000000000e+03 4.144800000000000000e+04 1.424000000000000000e+03 3.490200000000000000e+04 1.435000000000000000e+03 4.149400000000000000e+04
8.570826948300000367e+02 1.456000000000000000e+03 4.136300000000000000e+04 1.458000000000000000e+03 3.487200000000000000e+04 1.461000000000000000e+03 4.135100000000000000e+04
8.574993099200000870e+02 1.417000000000000000e+03 4.105300000000000000e+04 1.423000000000000000e+03 3.445300000000000000e+04 1.430000000000000000e+03 4.099600000000000000e+04
8.579159852699999647e+02 1.442000000000000000e+03 4.127200000000000000e+04 1.461000000000000000e+03 3.470200000000000000e+04 1.458000000000000000e+03 4.113200000000000000e+04
8.583327208800000108e+02 1.437000000000000000e+03 4.109400000000000000e+04 1.437000000000000000e+03 3.459400000000000000e+04 1.435000000000000000e+03 4.104800000000000000e+04
8.587495167499999980e+02 1.435000000000000000e+03 4.109600000000000000e+04 1.440000000000000000e+03 3.463300000000000000e+04 1.449000000000000000e+03 4.100500000000000000e+04
8.591663728799999262e+02 1.431000000000000000e+03 4.120200000000000000e+04 1.441000000000000000e+03 3.466500000000000000e+04 1.450000000000000000e+03 4.115600000000000000e+04
8.595832892700000230e+02 1.421000000000000000e+03 4.101000000000000000e+04 1.427000000000000000e+03 3.467100000000000000e+04 1.421000000000000000e+03 4.105800000000000000e+04
8.600002659199999471e+02 1.414000000000000000e+03 4.102000000000000000e+04 1.426000000000000000e+03 3.470200000000000000e+04 1.422000000000000000e+03 4.109200000000000000e+04
8.604173028299999260e+02 1.427000000000000000e+03 4.119000000000000000e+04 1.425000000000000000e+03 3.474600000000000000e+04 1.438000000000000000e+03 4.116600000000000000e+04
8.608343999999999596e+02 1.420000000000000000e+03 4.107100000000000000e+04 1.426000000000000000e+03 3.469600000000000000e+04 1.428000000000000000e+03 4.098400000000000000e+04
8.612515574300000480e+02 1.430000000000000000e+03 4.088500000000000000e+04 1.442000000000000000e+03 3.453500000000000000e+04 1.446000000000000000e+03 4.091800000000000000e+04
8.616687751199999639e+02 1.434000000000000000e+03 4.110900000000000000e+04 1.445000000000000000e+03 3.468900000000000000e+04 1.447000000000000000e+03 4.091400000000000000e+04
8.620860530699999345e+02 1.449000000000000000e+03 4.093100000000000000e+04 1.447000000000000000e+03 3.473700000000000000e+04 1.461000000000000000e+03 4.091600000000000000e+04
8.625033912799999598e+02 1.439000000000000000e+03 4.099600000000000000e+04 1.439000000000000000e+03 3.453200000000000000e+04 1.441000000000000000e+03 4.079800000000000000e+04
8.629207897500000399e+02 1.419000000000000000e+03 4.089400000000000000e+04 1.429000000000000000e+03 3.456100000000000000e+04 1.432000000000000000e+03 4.088400000000000000e+04
8.633382484799999474e+02 1.408000000000000000e+03 4.102400000000000000e+04 1.406000000000000000e+03 3.479900000000000000e+04 1.422000000000000000e+03 4.108900000000000000e+04
8.637557674700000234e+02 1.431000000000000000e+03 4.105400000000000000e+04 1.427000000000000000e+03 3.475400000000000000e+04 1.436000000000000000e+03 4.100400000000000000e+04
8.641733467199999268e+02 1.436000000000000000e+03 4.082000000000000000e+04 1.434000000000000000e+03 3.477500000000000000e+04 1.443000000000000000e+03 4.090400000000000000e+04
8.645909862299999986e+02 1.432000000000000000e+03 4.102600000000000000e+04 1.440000000000000000e+03 3.492400000000000000e+04 1.451000000000000000e+03 4.125800000000000000e+04
8.650086860000000115e+02 1.413000000000000000e+03 4.116700000000000000e+04 1.420000000000000000e+03 3.491900000000000000e+04 1.414000000000000000e+03 4.120000000000000000e+04
8.654264460299999655e+02 1.438000000000000000e+03 4.102700000000000000e+04 1.446000000000000000e+03 3.487800000000000000e+04 1.445000000000000000e+03 4.109600000000000000e+04
8.658442663199999743e+02 1.433000000000000000e+03 4.116500000000000000e+04 1.422000000000000000e+03 3.490200000000000000e+04 1.433000000000000000e+03 4.108700000000000000e+04
8.662621468699999241e+02 1.445000000000000000e+03 4.101600000000000000e+04 1.455000000000000000e+03 3.483200000000000000e+04 1.451000000000000000e+03 4.097800000000000000e+04
8.666800876800000424e+02 1.455000000000000000e+03 4.106700000000000000e+04 1.467000000000000000e+03 3.480700000000000000e+04 1.473000000000000000e+03 4.094800000000000000e+04
8.670980887499999881e+02 1.426000000000000000e+03 4.096400000000000000e+04 1.424000000000000000e+03 3.483200000000000000e+04 1.432000000000000000e+03 4.094500000000000000e+04
8.675161500799999885e+02 1.412000000000000000e+03 4.093300000000000000e+04 1.416000000000000000e+03 3.474900000000000000e+04 1.428000000000000000e+03 4.092600000000000000e+04
8.679342716700000437e+02 1.429000000000000000e+03 4.092000000000000000e+04 1.439000000000000000e+03 3.471800000000000000e+04 1.438000000000000000e+03 4.081000000000000000e+04
8.683524535200000400e+02 1.424000000000000000e+03 4.071400000000000000e+04 1.444000000000000000e+03 3.472200000000000000e+04 1.438000000000000000e+03 4.064400000000000000e+04
8.687706956299999774e+02 1.462000000000000000e+03 4.071000000000000000e+04 1.460000000000000000e+03 3.465700000000000000e+04 1.469000000000000000e+03 4.062400000000000000e+04
8.691889979999999696e+02 1.421000000000000000e+03 4.081600000000000000e+04 1.422000000000000000e+03 3.479700000000000000e+04 1.444000000000000000e+03 4.084800000000000000e+04
8.696073606300000165e+02 1.431000000000000000e+03 4.101600000000000000e+04 1.440000000000000000e+03 3.476900000000000000e+04 1.429000000000000000e+03 4.089800000000000000e+04
8.700257835200000045e+02 1.409000000000000000e+03 4.083400000000000000e+04 1.416000000000000000e+03 3.463500000000000000e+04 1.408000000000000000e+03 4.061600000000000000e+04
8.704442666699999336e+02 1.418000000000000000e+03 4.072500000000000000e+04 1.421000000000000000e+03 3.476900000000000000e+04 1.436000000000000000e+03 4.067800000000000000e+04
8.708628100800000311e+02 1.424000000000000000e+03 4.073900000000000000e+04 1.428000000000000000e+03 3.463700000000000000e+04 1.440000000000000000e+03 4.072200000000000000e+04
8.712814137499999561e+02 1.445000000000000000e+03 4.077700000000000000e+04 1.469000000000000000e+03 3.466600000000000000e+04 1.459000000000000000e+03 4.062500000000000000e+04
8.717000776800000494e+02 1.421000000000000000e+03 4.073200000000000000e+04 1.427000000000000000e+03 3.479500000000000000e+04 1.440000000000000000e+03 4.072900000000000000e+04
8.721188018699999702e+02 1.429000000000000000e+03 4.067300000000000000e+04 1.418000000000000000e+03 3.476500000000000000e+04 1.427000000000000000e+03 4.060100000000000000e+04
8.725375863199999458e+02 1.445000000000000000e+03 4.072500000000000000e+04 1.438000000000000000e+03 3.463500000000000000e+04 1.449000000000000000e+03 4.057200000000000000e+04
8.729564310299999761e+02 1.425000000000000000e+03 4.071900000000000000e+04 1.438000000000000000e+03 3.486300000000000000e+04 1.445000000000000000e+03 4.056200000000000000e+04
8.733753360000000612e+02 1.447000000000000000e+03 4.071400000000000000e+04 1.451000000000000000e+03 3.477800000000000000e+04 1.462000000000000000e+03 4.060100000000000000e+04
8.737943012299999737e+02 1.418000000000000000e+03 4.079000000000000000e+04 1.433000000000000000e+03 3.479100000000000000e+04 1.433000000000000000e+03 4.078700000000000000e+04
8.742133267199999409e+02 1.426000000000000000e+03 4.076700000000000000e+04 1.430000000000000000e+03 3.473200000000000000e+04 1.442000000000000000e+03 4.056400000000000000e+04
8.746324124699999629e+02 1.425000000000000000e+03 4.061600000000000000e+04 1.434000000000000000e+03 3.467000000000000000e+04 1.436000000000000000e+03 4.041200000000000000e+04
8.750515584800000397e+02 1.439000000000000000e+03 4.074200000000000000e+04 1.441000000000000000e+03 3.483800000000000000e+04 1.442000000000000000e+03 4.062500000000000000e+04
8.754707647499999439e+02 1.433000000000000000e+03 4.048700000000000000e+04 1.431000000000000000e+03 3.481800000000000000e+04 1.440000000000000000e+03 4.049800000000000000e+04
8.758900312799999028e+02 1.444000000000000000e+03 4.049200000000000000e+04 1.440000000000000000e+03 3.480500000000000000e+04 1.440000000000000000e+03 4.047900000000000000e+04
8.763093580699999166e+02 1.427000000000000000e+03 4.040700000000000000e+04 1.430000000000000000e+03 3.465000000000000000e+04 1.443000000000000000e+03 4.024200000000000000e+04
8.767287451199999850e+02 1.426000000000000000e+03 4.062300000000000000e+04 1.436000000000000000e+03 3.488200000000000000e+04 1.455000000000000000e+03 4.049300000000000000e+04
8.771481924299999946e+02 1.439000000000000000e+03 4.058100000000000000e+04 1.439000000000000000e+03 3.475500000000000000e+04 1.453000000000000000e+03 4.061700000000000000e+04
8.775677000000000589e+02 1.429000000000000000e+03 4.056400000000000000e+04 1.442000000000000000e+03 3.477900000000000000e+04 1.438000000000000000e+03 4.047100000000000000e+04
8.779872678300000644e+02 1.414000000000000000e+03 4.061800000000000000e+04 1.419000000000000000e+03 3.480500000000000000e+04 1.426000000000000000e+03 4.048800000000000000e+04
8.784068959200000108e+02 1.412000000000000000e+03 4.045300000000000000e+04 1.404000000000000000e+03 3.478700000000000000e+04 1.408000000000000000e+03 4.044600000000000000e+04
8.788265842700000121e+02 1.446000000000000000e+03 4.043900000000000000e+04 1.448000000000000000e+03 3.487700000000000000e+04 1.455000000000000000e+03 4.055100000000000000e+04
8.792463328799999545e+02 1.415000000000000000e+03 4.057800000000000000e+04 1.435000000000000000e+03 3.472000000000000000e+04 1.430000000000000000e+03 4.048400000000000000e+04
8.796661417499999516e+02 1.437000000000000000e+03 4.045900000000000000e+04 1.451000000000000000e+03 3.484700000000000000e+04 1.452000000000000000e+03 4.030400000000000000e+04
8.800860108800000035e+02 1.431000000000000000e+03 4.042400000000000000e+04 1.440000000000000000e+03 3.484600000000000000e+04 1.441000000000000000e+03 4.026400000000000000e+04
8.805059402699999964e+02 1.435000000000000000e+03 4.036600000000000000e+04 1.437000000000000000e+03 3.473100000000000000e+04 1.436000000000000000e+03 4.025000000000000000e+04
8.809259299200000441e+02 1.401000000000000000e+03 4.025400000000000000e+04 1.402000000000000000e+03 3.460100000000000000e+04 1.406000000000000000e+03 4.020900000000000000e+04
8.813459798300000330e+02 1.412000000000000000e+03 4.020100000000000000e+04 1.418000000000000000e+03 3.455900000000000000e+04 1.424000000000000000e+03 4.007600000000000000e+04
8.817660900000000765e+02 1.408000000000000000e+03 4.017600000000000000e+04 1.402000000000000000e+03 3.462100000000000000e+04 1.408000000000000000e+03 4.017100000000000000e+04
8.821862604299999475e+02 1.436000000000000000e+03 4.023400000000000000e+04 1.433000000000000000e+03 3.472300000000000000e+04 1.450000000000000000e+03 4.004100000000000000e+04
8.826064911199999869e+02 1.445000000000000000e+03 4.021300000000000000e+04 1.446000000000000000e+03 3.460600000000000000e+04 1.466000000000000000e+03 4.011900000000000000e+04
8.830267820699999675e+02 1.454000000000000000e+03 4.020200000000000000e+04 1.461000000000000000e+03 3.470300000000000000e+04 1.463000000000000000e+03 4.020300000000000000e+04
8.834471332800000027e+02 1.451000000000000000e+03 4.017900000000000000e+04 1.445000000000000000e+03 3.474500000000000000e+04 1.451000000000000000e+03 4.020800000000000000e+04
8.838675447499999791e+02 1.436000000000000000e+03 4.009800000000000000e+04 1.448000000000000000e+03 3.461100000000000000e+04 1.443000000000000000e+03 4.005300000000000000e+04
8.842880164800000102e+02 1.444000000000000000e+03 4.015700000000000000e+04 1.437000000000000000e+03 3.459900000000000000e+04 1.444000000000000000e+03 4.012600000000000000e+04
8.847085484700000961e+02 1.430000000000000000e+03 4.003800000000000000e+04 1.437000000000000000e+03 3.465000000000000000e+04 1.436000000000000000e+03 3.994000000000000000e+04
8.851291407200000094e+02 1.433000000000000000e+03 4.022400000000000000e+04 1.440000000000000000e+03 3.478400000000000000e+04 1.441000000000000000e+03 4.007200000000000000e+04
8.855497932299999775e+02 1.423000000000000000e+03 4.008300000000000000e+04 1.425000000000000000e+03 3.461700000000000000e+04 1.440000000000000000e+03 4.001400000000000000e+04
8.859705060000000003e+02 1.431000000000000000e+03 4.005200000000000000e+04 1.444000000000000000e+03 3.462400000000000000e+04 1.441000000000000000e+03 4.001400000000000000e+04
8.863912790299999642e+02 1.443000000000000000e+03 4.010600000000000000e+04 1.440000000000000000e+03 3.473300000000000000e+04 1.443000000000000000e+03 3.995800000000000000e+04
8.868121123199999829e+02 1.450000000000000000e+03 3.992700000000000000e+04 1.461000000000000000e+03 3.464400000000000000e+04 1.456000000000000000e+03 3.971900000000000000e+04
8.872330058699999427e+02 1.447000000000000000e+03 3.987300000000000000e+04 1.453000000000000000e+03 3.454300000000000000e+04 1.464000000000000000e+03 3.980000000000000000e+04
8.876539596800000709e+02 1.439000000000000000e+03 3.985000000000000000e+04 1.433000000000000000e+03 3.464500000000000000e+04 1.445000000000000000e+03 3.974900000000000000e+04
8.880749737500000265e+02 1.434000000000000000e+03 3.996300000000000000e+04 1.437000000000000000e+03 3.461500000000000000e+04 1.435000000000000000e+03 3.982600000000000000e+04
8.884960480800000369e+02 1.426000000000000000e+03 3.986000000000000000e+04 1.437000000000000000e+03 3.461600000000000000e+04 1.435000000000000000e+03 3.980100000000000000e+04
8.889171826700001020e+02 1.419000000000000000e+03 3.998900000000000000e+04 1.414000000000000000e+03 3.470100000000000000e+04 1.410000000000000000e+03 3.997300000000000000e+04
8.893383775199999945e+02 1.427000000000000000e+03 3.998200000000000000e+04 1.437000000000000000e+03 3.471300000000000000e+04 1.441000000000000000e+03 3.981200000000000000e+04
8.897596326299999419e+02 1.439000000000000000e+03 3.993900000000000000e+04 1.443000000000000000e+03 3.483400000000000000e+04 1.431000000000000000e+03 3.995800000000000000e+04
8.901809479999999439e+02 1.415000000000000000e+03 3.977600000000000000e+04 1.418000000000000000e+03 3.458500000000000000e+04 1.419000000000000000e+03 3.960900000000000000e+04
8.906023236300000008e+02 1.428000000000000000e+03 3.994700000000000000e+04 1.422000000000000000e+03 3.477700000000000000e+04 1.437000000000000000e+03 3.982400000000000000e+04
8.910237595199999987e+02 1.430000000000000000e+03 3.983000000000000000e+04 1.444000000000000000e+03 3.461000000000000000e+04 1.447000000000000000e+03 3.980600000000000000e+04
8.914452556700000514e+02 1.460000000000000000e+03 3.986600000000000000e+04 1.465000000000000000e+03 3.473700000000000000e+04 1.468000000000000000e+03 3.971400000000000000e+04
8.918668120800000452e+02 1.439000000000000000e+03 3.991000000000000000e+04 1.430000000000000000e+03 3.467800000000000000e+04 1.443000000000000000e+03 3.964100000000000000e+04
8.922884287500000937e+02 1.453000000000000000e+03 3.971400000000000000e+04 1.459000000000000000e+03 3.457600000000000000e+04 1.456000000000000000e+03 3.960400000000000000e+04
8.927101056799999697e+02 1.405000000000000000e+03 3.948100000000000000e+04 1.412000000000000000e+03 3.444900000000000000e+04 1.411000000000000000e+03 3.950800000000000000e+04
8.931318428699999004e+02 1.459000000000000000e+03 3.953500000000000000e+04 1.470000000000000000e+03 3.450200000000000000e+04 1.463000000000000000e+03 3.953900000000000000e+04
8.935536403199999995e+02 1.421000000000000000e+03 3.972400000000000000e+04 1.425000000000000000e+03 3.481300000000000000e+04 1.432000000000000000e+03 3.977400000000000000e+04
8.939754980299999261e+02 1.415000000000000000e+03 3.981900000000000000e+04 1.415000000000000000e+03 3.465700000000000000e+04 1.428000000000000000e+03 3.954200000000000000e+04
8.943974160000000211e+02 1.411000000000000000e+03 3.967300000000000000e+04 1.417000000000000000e+03 3.465000000000000000e+04 1.417000000000000000e+03 3.954000000000000000e+04
8.948193942299999435e+02 1.411000000000000000e+03 3.970800000000000000e+04 1.422000000000000000e+03 3.471000000000000000e+04 1.417000000000000000e+03 3.967900000000000000e+04
8.952414327200000344e+02 1.430000000000000000e+03 3.980900000000000000e+04 1.433000000000000000e+03 3.475000000000000000e+04 1.443000000000000000e+03 3.967300000000000000e+04
8.956635314699999526e+02 1.431000000000000000e+03 3.975600000000000000e+04 1.441000000000000000e+03 3.470200000000000000e+04 1.441000000000000000e+03 3.971400000000000000e+04
8.960856904800000393e+02 1.437000000000000000e+03 3.962400000000000000e+04 1.441000000000000000e+03 3.471200000000000000e+04 1.443000000000000000e+03 3.954800000000000000e+04
8.965079097499999534e+02 1.438000000000000000e+03 3.962100000000000000e+04 1.450000000000000000e+03 3.473500000000000000e+04 1.446000000000000000e+03 3.957100000000000000e+04
8.969301892799999223e+02 1.442000000000000000e+03 3.948200000000000000e+04 1.439000000000000000e+03 3.457000000000000000e+04 1.461000000000000000e+03 3.943500000000000000e+04
8.973525290699999459e+02 1.415000000000000000e+03 3.959100000000000000e+04 1.413000000000000000e+03 3.448600000000000000e+04 1.429000000000000000e+03 3.956600000000000000e+04
8.977749291200000243e+02 1.403000000000000000e+03 3.926300000000000000e+04 1.411000000000000000e+03 3.442900000000000000e+04 1.415000000000000000e+03 3.936500000000000000e+04
8.981973894299999301e+02 1.406000000000000000e+03 3.909900000000000000e+04 1.414000000000000000e+03 3.431500000000000000e+04 1.410000000000000000e+03 3.909100000000000000e+04
8.986199100000000044e+02 1.426000000000000000e+03 3.896200000000000000e+04 1.428000000000000000e+03 3.420700000000000000e+04 1.431000000000000000e+03 3.903700000000000000e+04
8.990424908300000197e+02 1.458000000000000000e+03 3.893100000000000000e+04 1.466000000000000000e+03 3.420600000000000000e+04 1.460000000000000000e+03 3.881500000000000000e+04
8.994651319199999762e+02 1.429000000000000000e+03 3.901700000000000000e+04 1.427000000000000000e+03 3.404400000000000000e+04 1.436000000000000000e+03 3.892900000000000000e+04
8.998878332699999874e+02 1.433000000000000000e+03 3.886300000000000000e+04 1.440000000000000000e+03 3.417700000000000000e+04 1.457000000000000000e+03 3.892900000000000000e+04
9.003105948800000533e+02 1.424000000000000000e+03 3.903000000000000000e+04 1.431000000000000000e+03 3.424000000000000000e+04 1.439000000000000000e+03 3.904800000000000000e+04
9.007334167500000603e+02 1.440000000000000000e+03 3.896900000000000000e+04 1.441000000000000000e+03 3.421600000000000000e+04 1.444000000000000000e+03 3.889600000000000000e+04
9.011562988800000085e+02 1.395000000000000000e+03 3.880300000000000000e+04 1.404000000000000000e+03 3.407800000000000000e+04 1.420000000000000000e+03 3.884600000000000000e+04
9.015792412700000114e+02 1.405000000000000000e+03 3.881700000000000000e+04 1.413000000000000000e+03 3.412600000000000000e+04 1.413000000000000000e+03 3.876900000000000000e+04
9.020022439199999553e+02 1.423000000000000000e+03 3.901800000000000000e+04 1.427000000000000000e+03 3.428000000000000000e+04 1.434000000000000000e+03 3.900300000000000000e+04
9.024253068299999541e+02 1.397000000000000000e+03 3.890900000000000000e+04 1.411000000000000000e+03 3.423400000000000000e+04 1.417000000000000000e+03 3.896700000000000000e+04
9.028484300000000076e+02 1.413000000000000000e+03 3.886300000000000000e+04 1.425000000000000000e+03 3.408900000000000000e+04 1.423000000000000000e+03 3.897200000000000000e+04
9.032716134299998885e+02 1.420000000000000000e+03 3.896400000000000000e+04 1.423000000000000000e+03 3.422800000000000000e+04 1.424000000000000000e+03 3.896700000000000000e+04
9.036948571200000515e+02 1.421000000000000000e+03 3.885800000000000000e+04 1.423000000000000000e+03 3.413200000000000000e+04 1.429000000000000000e+03 3.869500000000000000e+04
9.041181610700000419e+02 1.435000000000000000e+03 3.874800000000000000e+04 1.443000000000000000e+03 3.412200000000000000e+04 1.455000000000000000e+03 3.857400000000000000e+04
9.045415252799999735e+02 1.431000000000000000e+03 3.872700000000000000e+04 1.444000000000000000e+03 3.407700000000000000e+04 1.435000000000000000e+03 3.861800000000000000e+04
9.049649497499999597e+02 1.439000000000000000e+03 3.891200000000000000e+04 1.438000000000000000e+03 3.436600000000000000e+04 1.451000000000000000e+03 3.874500000000000000e+04
9.053884344800000008e+02 1.404000000000000000e+03 3.879600000000000000e+04 1.417000000000000000e+03 3.423000000000000000e+04 1.421000000000000000e+03 3.868700000000000000e+04
9.058119794700000966e+02 1.417000000000000000e+03 3.864000000000000000e+04 1.431000000000000000e+03 3.406800000000000000e+04 1.438000000000000000e+03 3.856400000000000000e+04
9.062355847200000198e+02 1.405000000000000000e+03 3.855700000000000000e+04 1.410000000000000000e+03 3.401300000000000000e+04 1.412000000000000000e+03 3.851000000000000000e+04
9.066592502299999978e+02 1.444000000000000000e+03 3.868700000000000000e+04 1.448000000000000000e+03 3.412600000000000000e+04 1.455000000000000000e+03 3.859800000000000000e+04
9.070829759999999169e+02 1.409000000000000000e+03 3.852600000000000000e+04 1.411000000000000000e+03 3.402800000000000000e+04 1.406000000000000000e+03 3.840100000000000000e+04
9.075067620300000044e+02 1.412000000000000000e+03 3.847200000000000000e+04 1.416000000000000000e+03 3.395300000000000000e+04 1.413000000000000000e+03 3.839800000000000000e+04
9.079306083199999193e+02 1.399000000000000000e+03 3.842300000000000000e+04 1.407000000000000000e+03 3.394700000000000000e+04 1.398000000000000000e+03 3.838500000000000000e+04
9.083545148700000027e+02 1.428000000000000000e+03 3.844400000000000000e+04 1.443000000000000000e+03 3.398200000000000000e+04 1.441000000000000000e+03 3.832500000000000000e+04
9.087784816800000272e+02 1.420000000000000000e+03 3.833600000000000000e+04 1.431000000000000000e+03 3.390000000000000000e+04 1.440000000000000000e+03 3.832000000000000000e+04
9.092025087499999927e+02 1.435000000000000000e+03 3.832700000000000000e+04 1.454000000000000000e+03 3.397200000000000000e+04 1.439000000000000000e+03 3.830000000000000000e+04
9.096265960800000130e+02 1.406000000000000000e+03 3.829800000000000000e+04 1.421000000000000000e+03 3.389100000000000000e+04 1.421000000000000000e+03 3.836100000000000000e+04
9.100507436699999744e+02 1.425000000000000000e+03 3.829400000000000000e+04 1.427000000000000000e+03 3.389200000000000000e+04 1.430000000000000000e+03 3.827300000000000000e+04
9.104749515199999905e+02 1.421000000000000000e+03 3.816000000000000000e+04 1.427000000000000000e+03 3.377500000000000000e+04 1.425000000000000000e+03 3.809500000000000000e+04
9.108992196300000614e+02 1.413000000000000000e+03 3.799000000000000000e+04 1.416000000000000000e+03 3.372200000000000000e+04 1.423000000000000000e+03 3.798200000000000000e+04
9.113235480000000734e+02 1.423000000000000000e+03 3.806400000000000000e+04 1.427000000000000000e+03 3.367000000000000000e+04 1.433000000000000000e+03 3.794400000000000000e+04
9.117479366299999128e+02 1.441000000000000000e+03 3.787500000000000000e+04 1.458000000000000000e+03 3.361900000000000000e+04 1.452000000000000000e+03 3.769500000000000000e+04
9.121723855200000344e+02 1.405000000000000000e+03 3.805000000000000000e+04 1.416000000000000000e+03 3.372200000000000000e+04 1.424000000000000000e+03 3.791200000000000000e+04
9.125968946699999833e+02 1.424000000000000000e+03 3.806700000000000000e+04 1.443000000000000000e+03 3.373800000000000000e+04 1.447000000000000000e+03 3.799000000000000000e+04
9.130214640799999870e+02 1.410000000000000000e+03 3.797700000000000000e+04 1.423000000000000000e+03 3.374800000000000000e+04 1.416000000000000000e+03 3.788900000000000000e+04
9.134460937500000455e+02 1.405000000000000000e+03 3.800900000000000000e+04 1.417000000000000000e+03 3.360000000000000000e+04 1.406000000000000000e+03 3.774700000000000000e+04
9.138707836799999313e+02 1.422000000000000000e+03 3.769500000000000000e+04 1.419000000000000000e+03 3.352700000000000000e+04 1.432000000000000000e+03 3.776400000000000000e+04
9.142955338699999857e+02 1.450000000000000000e+03 3.762800000000000000e+04 1.453000000000000000e+03 3.353400000000000000e+04 1.469000000000000000e+03 3.754100000000000000e+04
9.147203443199999811e+02 1.426000000000000000e+03 3.763000000000000000e+04 1.436000000000000000e+03 3.345300000000000000e+04 1.419000000000000000e+03 3.744500000000000000e+04
9.151452150299999175e+02 1.410000000000000000e+03 3.773200000000000000e+04 1.406000000000000000e+03 3.357900000000000000e+04 1.418000000000000000e+03 3.768200000000000000e+04
9.155701460000000225e+02 1.419000000000000000e+03 3.772800000000000000e+04 1.431000000000000000e+03 3.340200000000000000e+04 1.427000000000000000e+03 3.770300000000000000e+04
9.159951372299999548e+02 1.431000000000000000e+03 3.772200000000000000e+04 1.432000000000000000e+03 3.357500000000000000e+04 1.436000000000000000e+03 3.759400000000000000e+04
9.164201887199999419e+02 1.418000000000000000e+03 3.768200000000000000e+04 1.414000000000000000e+03 3.349200000000000000e+04 1.425000000000000000e+03 3.764000000000000000e+04
9.168453004699999838e+02 1.415000000000000000e+03 3.751500000000000000e+04 1.426000000000000000e+03 3.338900000000000000e+04 1.423000000000000000e+03 3.753200000000000000e+04
9.172704724799999667e+02 1.391000000000000000e+03 3.747100000000000000e+04 1.397000000000000000e+03 3.344800000000000000e+04 1.402000000000000000e+03 3.754200000000000000e+04
9.176957047500000044e+02 1.398000000000000000e+03 3.744800000000000000e+04 1.402000000000000000e+03 3.338400000000000000e+04 1.409000000000000000e+03 3.740600000000000000e+04
9.181209972799999832e+02 1.434000000000000000e+03 3.735400000000000000e+04 1.445000000000000000e+03 3.325500000000000000e+04 1.445000000000000000e+03 3.723900000000000000e+04
9.185463500700000168e+02 1.422000000000000000e+03 3.735800000000000000e+04 1.430000000000000000e+03 3.327400000000000000e+04 1.440000000000000000e+03 3.717300000000000000e+04
9.189717631199999914e+02 1.433000000000000000e+03 3.732200000000000000e+04 1.447000000000000000e+03 3.338300000000000000e+04 1.452000000000000000e+03 3.720600000000000000e+04
9.193972364300000208e+02 1.437000000000000000e+03 3.743700000000000000e+04 1.440000000000000000e+03 3.332800000000000000e+04 1.450000000000000000e+03 3.719100000000000000e+04
9.198227699999999913e+02 1.414000000000000000e+03 3.731700000000000000e+04 1.415000000000000000e+03 3.326700000000000000e+04 1.424000000000000000e+03 3.730700000000000000e+04
9.202483638300000166e+02 1.430000000000000000e+03 3.729200000000000000e+04 1.430000000000000000e+03 3.332700000000000000e+04 1.440000000000000000e+03 3.725000000000000000e+04
9.206740179199999830e+02 1.433000000000000000e+03 3.721100000000000000e+04 1.437000000000000000e+03 3.319900000000000000e+04 1.437000000000000000e+03 3.726300000000000000e+04
9.210997322700000041e+02 1.424000000000000000e+03 3.727000000000000000e+04 1.442000000000000000e+03 3.333200000000000000e+04 1.440000000000000000e+03 3.719300000000000000e+04
9.215255068799999663e+02 1.415000000000000000e+03 3.703200000000000000e+04 1.415000000000000000e+03 3.308700000000000000e+04 1.422000000000000000e+03 3.696700000000000000e+04
9.219513417499999832e+02 1.380000000000000000e+03 3.694200000000000000e+04 1.389000000000000000e+03 3.293800000000000000e+04 1.388000000000000000e+03 3.672800000000000000e+04
9.223772368800000550e+02 1.394000000000000000e+03 3.697400000000000000e+04 1.403000000000000000e+03 3.306000000000000000e+04 1.420000000000000000e+03 3.694200000000000000e+04
9.228031922699999541e+02 1.445000000000000000e+03 3.702000000000000000e+04 1.461000000000000000e+03 3.312100000000000000e+04 1.465000000000000000e+03 3.701500000000000000e+04
9.232292079200000217e+02 1.423000000000000000e+03 3.697600000000000000e+04 1.435000000000000000e+03 3.317400000000000000e+04 1.436000000000000000e+03 3.698300000000000000e+04
9.236552838300000303e+02 1.424000000000000000e+03 3.695400000000000000e+04 1.432000000000000000e+03 3.310200000000000000e+04 1.428000000000000000e+03 3.682700000000000000e+04
9.240814199999999801e+02 1.390000000000000000e+03 3.685900000000000000e+04 1.410000000000000000e+03 3.286500000000000000e+04 1.406000000000000000e+03 3.672700000000000000e+04
9.245076164299999846e+02 1.416000000000000000e+03 3.683000000000000000e+04 1.421000000000000000e+03 3.304600000000000000e+04 1.425000000000000000e+03 3.672700000000000000e+04
9.249338731200000439e+02 1.399000000000000000e+03 3.674800000000000000e+04 1.404000000000000000e+03 3.296400000000000000e+04 1.405000000000000000e+03 3.666600000000000000e+04
9.253601900700000442e+02 1.432000000000000000e+03 3.671100000000000000e+04 1.445000000000000000e+03 3.278400000000000000e+04 1.453000000000000000e+03 3.665200000000000000e+04
9.257865672799999857e+02 1.427000000000000000e+03 3.655300000000000000e+04 1.431000000000000000e+03 3.268500000000000000e+04 1.433000000000000000e+03 3.650800000000000000e+04
9.262130047499999819e+02 1.405000000000000000e+03 3.644800000000000000e+04 1.417000000000000000e+03 3.277200000000000000e+04 1.419000000000000000e+03 3.652000000000000000e+04
9.266395024800000328e+02 1.445000000000000000e+03 3.647000000000000000e+04 1.440000000000000000e+03 3.269100000000000000e+04 1.443000000000000000e+03 3.645400000000000000e+04
9.270660604700000249e+02 1.406000000000000000e+03 3.626000000000000000e+04 1.412000000000000000e+03 3.251100000000000000e+04 1.409000000000000000e+03 3.623300000000000000e+04
9.274926787199999580e+02 1.464000000000000000e+03 3.638700000000000000e+04 1.473000000000000000e+03 3.271700000000000000e+04 1.470000000000000000e+03 3.618800000000000000e+04
9.279193572300000596e+02 1.422000000000000000e+03 3.634200000000000000e+04 1.436000000000000000e+03 3.266100000000000000e+04 1.437000000000000000e+03 3.625700000000000000e+04
9.283460959999999886e+02 1.423000000000000000e+03 3.620900000000000000e+04 1.426000000000000000e+03 3.250300000000000000e+04 1.427000000000000000e+03 3.620900000000000000e+04
9.287728950299999724e+02 1.416000000000000000e+03 3.625900000000000000e+04 1.426000000000000000e+03 3.244900000000000000e+04 1.426000000000000000e+03 3.618700000000000000e+04
9.291997543200000109e+02 1.436000000000000000e+03 3.603900000000000000e+04 1.452000000000000000e+03 3.237800000000000000e+04 1.457000000000000000e+03 3.596600000000000000e+04
9.296266738699999905e+02 1.431000000000000000e+03 3.582900000000000000e+04 1.431000000000000000e+03 3.226600000000000000e+04 1.447000000000000000e+03 3.576800000000000000e+04
9.300536536800000249e+02 1.428000000000000000e+03 3.570900000000000000e+04 1.422000000000000000e+03 3.214800000000000000e+04 1.439000000000000000e+03 3.575500000000000000e+04
9.304806937500000004e+02 1.454000000000000000e+03 3.574200000000000000e+04 1.452000000000000000e+03 3.214700000000000000e+04 1.456000000000000000e+03 3.568700000000000000e+04
9.309077940800000306e+02 1.415000000000000000e+03 3.562400000000000000e+04 1.414000000000000000e+03 3.211900000000000000e+04 1.412000000000000000e+03 3.554000000000000000e+04
9.313349546700000019e+02 1.416000000000000000e+03 3.560100000000000000e+04 1.417000000000000000e+03 3.199000000000000000e+04 1.435000000000000000e+03 3.557500000000000000e+04
9.317621755200000280e+02 1.413000000000000000e+03 3.562200000000000000e+04 1.424000000000000000e+03 3.205200000000000000e+04 1.435000000000000000e+03 3.551100000000000000e+04
9.321894566299999951e+02 1.419000000000000000e+03 3.549800000000000000e+04 1.426000000000000000e+03 3.195100000000000000e+04 1.421000000000000000e+03 3.546900000000000000e+04
9.326167980000000171e+02 1.418000000000000000e+03 3.544300000000000000e+04 1.422000000000000000e+03 3.186200000000000000e+04 1.430000000000000000e+03 3.538800000000000000e+04
9.330441996299999801e+02 1.439000000000000000e+03 3.515800000000000000e+04 1.449000000000000000e+03 3.174200000000000000e+04 1.446000000000000000e+03 3.510500000000000000e+04
9.334716615199999978e+02 1.423000000000000000e+03 3.507200000000000000e+04 1.429000000000000000e+03 3.155500000000000000e+04 1.429000000000000000e+03 3.501200000000000000e+04
9.338991836699999567e+02 1.417000000000000000e+03 3.486800000000000000e+04 1.402000000000000000e+03 3.143100000000000000e+04 1.413000000000000000e+03 3.483900000000000000e+04
9.343267660799999703e+02 1.434000000000000000e+03 3.473200000000000000e+04 1.437000000000000000e+03 3.127100000000000000e+04 1.433000000000000000e+03 3.468900000000000000e+04
9.347544087500000387e+02 1.432000000000000000e+03 3.478700000000000000e+04 1.422000000000000000e+03 3.128000000000000000e+04 1.418000000000000000e+03 3.471700000000000000e+04
9.351821116799999345e+02 1.413000000000000000e+03 3.468700000000000000e+04 1.422000000000000000e+03 3.115900000000000000e+04 1.417000000000000000e+03 3.456300000000000000e+04
9.356098748699999987e+02 1.426000000000000000e+03 3.442500000000000000e+04 1.433000000000000000e+03 3.113600000000000000e+04 1.440000000000000000e+03 3.450500000000000000e+04
9.360376983200000041e+02 1.443000000000000000e+03 3.437600000000000000e+04 1.449000000000000000e+03 3.097600000000000000e+04 1.467000000000000000e+03 3.440000000000000000e+04
9.364655820299999505e+02 1.414000000000000000e+03 3.417900000000000000e+04 1.415000000000000000e+03 3.091200000000000000e+04 1.426000000000000000e+03 3.424900000000000000e+04
9.368935260000000653e+02 1.426000000000000000e+03 3.409900000000000000e+04 1.429000000000000000e+03 3.084000000000000000e+04 1.431000000000000000e+03 3.409900000000000000e+04
9.373215302300000076e+02 1.392000000000000000e+03 3.398900000000000000e+04 1.396000000000000000e+03 3.067200000000000000e+04 1.403000000000000000e+03 3.375000000000000000e+04
9.377495947200000046e+02 1.421000000000000000e+03 3.389600000000000000e+04 1.428000000000000000e+03 3.048000000000000000e+04 1.429000000000000000e+03 3.381400000000000000e+04
9.381777194700000564e+02 1.410000000000000000e+03 3.367500000000000000e+04 1.418000000000000000e+03 3.049100000000000000e+04 1.424000000000000000e+03 3.370100000000000000e+04
9.386059044799999356e+02 1.409000000000000000e+03 3.368200000000000000e+04 1.411000000000000000e+03 3.035600000000000000e+04 1.418000000000000000e+03 3.359900000000000000e+04
9.390341497499999832e+02 1.445000000000000000e+03 3.356500000000000000e+04 1.432000000000000000e+03 3.036900000000000000e+04 1.453000000000000000e+03 3.352600000000000000e+04
9.394624552799999719e+02 1.434000000000000000e+03 3.342700000000000000e+04 1.446000000000000000e+03 3.020500000000000000e+04 1.449000000000000000e+03 3.329400000000000000e+04
9.398908210700000154e+02 1.429000000000000000e+03 3.334000000000000000e+04 1.422000000000000000e+03 3.017400000000000000e+04 1.432000000000000000e+03 3.321100000000000000e+04
9.403192471200000000e+02 1.440000000000000000e+03 3.324400000000000000e+04 1.439000000000000000e+03 3.000000000000000000e+04 1.436000000000000000e+03 3.322300000000000000e+04
9.407477334300000393e+02 1.416000000000000000e+03 3.319700000000000000e+04 1.419000000000000000e+03 2.991700000000000000e+04 1.419000000000000000e+03 3.300800000000000000e+04
9.411762800000000198e+02 1.407000000000000000e+03 3.302200000000000000e+04 1.415000000000000000e+03 2.969000000000000000e+04 1.423000000000000000e+03 3.299500000000000000e+04
9.416048868299999413e+02 1.410000000000000000e+03 3.275400000000000000e+04 1.417000000000000000e+03 2.955800000000000000e+04 1.414000000000000000e+03 3.267600000000000000e+04
9.420335539200000312e+02 1.404000000000000000e+03 3.289000000000000000e+04 1.401000000000000000e+03 2.959900000000000000e+04 1.412000000000000000e+03 3.275900000000000000e+04
9.424622812699999486e+02 1.415000000000000000e+03 3.269200000000000000e+04 1.426000000000000000e+03 2.954900000000000000e+04 1.430000000000000000e+03 3.263800000000000000e+04
9.428910688799999207e+02 1.421000000000000000e+03 3.263100000000000000e+04 1.436000000000000000e+03 2.944300000000000000e+04 1.445000000000000000e+03 3.259300000000000000e+04
9.433199167499999476e+02 1.419000000000000000e+03 3.252000000000000000e+04 1.423000000000000000e+03 2.935700000000000000e+04 1.426000000000000000e+03 3.257500000000000000e+04
9.437488248800000292e+02 1.398000000000000000e+03 3.236500000000000000e+04 1.413000000000000000e+03 2.936000000000000000e+04 1.417000000000000000e+03 3.231700000000000000e+04
9.441777932699999383e+02 1.420000000000000000e+03 3.216700000000000000e+04 1.425000000000000000e+03 2.913000000000000000e+04 1.433000000000000000e+03 3.226200000000000000e+04
9.446068219200000158e+02 1.371000000000000000e+03 3.188300000000000000e+04 1.380000000000000000e+03 2.880600000000000000e+04 1.390000000000000000e+03 3.205300000000000000e+04
9.450359108300000344e+02 1.415000000000000000e+03 3.173900000000000000e+04 1.415000000000000000e+03 2.878400000000000000e+04 1.423000000000000000e+03 3.188900000000000000e+04
9.454650599999999940e+02 1.418000000000000000e+03 3.150300000000000000e+04 1.421000000000000000e+03 2.868400000000000000e+04 1.424000000000000000e+03 3.158600000000000000e+04
9.458942694300000085e+02 1.415000000000000000e+03 3.148400000000000000e+04 1.413000000000000000e+03 2.856800000000000000e+04 1.426000000000000000e+03 3.148300000000000000e+04
9.463235391200000777e+02 1.400000000000000000e+03 3.146000000000000000e+04 1.410000000000000000e+03 2.849500000000000000e+04 1.411000000000000000e+03 3.143800000000000000e+04
9.467528690699999743e+02 1.429000000000000000e+03 3.152000000000000000e+04 1.424000000000000000e+03 2.868000000000000000e+04 1.436000000000000000e+03 3.154500000000000000e+04
9.471822592799999256e+02 1.421000000000000000e+03 3.135000000000000000e+04 1.411000000000000000e+03 2.843300000000000000e+04 1.428000000000000000e+03 3.140000000000000000e+04
9.476117097500000455e+02 1.430000000000000000e+03 3.109000000000000000e+04 1.424000000000000000e+03 2.814900000000000000e+04 1.424000000000000000e+03 3.114200000000000000e+04
9.480412204799999927e+02 1.417000000000000000e+03 3.107700000000000000e+04 1.428000000000000000e+03 2.819100000000000000e+04 1.432000000000000000e+03 3.102800000000000000e+04
9.484707914699999947e+02 1.429000000000000000e+03 3.074000000000000000e+04 1.434000000000000000e+03 2.798400000000000000e+04 1.438000000000000000e+03 3.081000000000000000e+04
9.489004227200000514e+02 1.415000000000000000e+03 3.057300000000000000e+04 1.412000000000000000e+03 2.784700000000000000e+04 1.423000000000000000e+03 3.064900000000000000e+04
9.493301142299999356e+02 1.426000000000000000e+03 3.058600000000000000e+04 1.438000000000000000e+03 2.777300000000000000e+04 1.444000000000000000e+03 3.039500000000000000e+04
9.497598659999999882e+02 1.432000000000000000e+03 3.047500000000000000e+04 1.433000000000000000e+03 2.776900000000000000e+04 1.431000000000000000e+03 3.050200000000000000e+04
9.501896780299999818e+02 1.422000000000000000e+03 3.054000000000000000e+04 1.425000000000000000e+03 2.778400000000000000e+04 1.438000000000000000e+03 3.046500000000000000e+04
9.506195503199999166e+02 1.443000000000000000e+03 3.035500000000000000e+04 1.438000000000000000e+03 2.762900000000000000e+04 1.450000000000000000e+03 3.038200000000000000e+04
9.510494828700000198e+02 1.439000000000000000e+03 3.019600000000000000e+04 1.447000000000000000e+03 2.748700000000000000e+04 1.447000000000000000e+03 3.014400000000000000e+04
9.514794756799999504e+02 1.392000000000000000e+03 3.021900000000000000e+04 1.405000000000000000e+03 2.738500000000000000e+04 1.403000000000000000e+03 3.008200000000000000e+04
9.519095287500000495e+02 1.418000000000000000e+03 3.000300000000000000e+04 1.413000000000000000e+03 2.739600000000000000e+04 1.434000000000000000e+03 2.998400000000000000e+04
9.523396420799999760e+02 1.383000000000000000e+03 2.984800000000000000e+04 1.402000000000000000e+03 2.715400000000000000e+04 1.396000000000000000e+03 2.989600000000000000e+04
9.527698156699999572e+02 1.435000000000000000e+03 2.978500000000000000e+04 1.441000000000000000e+03 2.709300000000000000e+04 1.455000000000000000e+03 2.967500000000000000e+04
9.532000495199999932e+02 1.421000000000000000e+03 2.958100000000000000e+04 1.435000000000000000e+03 2.698600000000000000e+04 1.429000000000000000e+03 2.956900000000000000e+04
9.536303436299999703e+02 1.448000000000000000e+03 2.943400000000000000e+04 1.457000000000000000e+03 2.673000000000000000e+04 1.468000000000000000e+03 2.933100000000000000e+04
9.540606980000000021e+02 1.446000000000000000e+03 2.933900000000000000e+04 1.442000000000000000e+03 2.675500000000000000e+04 1.442000000000000000e+03 2.929300000000000000e+04
9.544911126300000888e+02 1.418000000000000000e+03 2.940900000000000000e+04 1.424000000000000000e+03 2.676300000000000000e+04 1.435000000000000000e+03 2.938700000000000000e+04
9.549215875200000028e+02 1.429000000000000000e+03 2.921700000000000000e+04 1.428000000000000000e+03 2.663800000000000000e+04 1.450000000000000000e+03 2.914100000000000000e+04
9.553521226699999715e+02 1.400000000000000000e+03 2.906700000000000000e+04 1.396000000000000000e+03 2.650700000000000000e+04 1.396000000000000000e+03 2.892100000000000000e+04
9.557827180799999951e+02 1.399000000000000000e+03 2.888600000000000000e+04 1.400000000000000000e+03 2.639500000000000000e+04 1.408000000000000000e+03 2.898700000000000000e+04
9.562133737499999597e+02 1.415000000000000000e+03 2.887200000000000000e+04 1.424000000000000000e+03 2.638800000000000000e+04 1.419000000000000000e+03 2.893700000000000000e+04
9.566440896799999791e+02 1.400000000000000000e+03 2.879900000000000000e+04 1.411000000000000000e+03 2.622700000000000000e+04 1.409000000000000000e+03 2.877700000000000000e+04
9.570748658699999396e+02 1.415000000000000000e+03 2.868800000000000000e+04 1.421000000000000000e+03 2.616800000000000000e+04 1.415000000000000000e+03 2.876600000000000000e+04
9.575057023199999549e+02 1.416000000000000000e+03 2.865000000000000000e+04 1.417000000000000000e+03 2.617800000000000000e+04 1.428000000000000000e+03 2.854600000000000000e+04
9.579365990300000249e+02 1.424000000000000000e+03 2.852800000000000000e+04 1.433000000000000000e+03 2.604700000000000000e+04 1.424000000000000000e+03 2.845200000000000000e+04
9.583675560000000360e+02 1.403000000000000000e+03 2.843800000000000000e+04 1.414000000000000000e+03 2.592000000000000000e+04 1.414000000000000000e+03 2.843500000000000000e+04
9.587985732300001018e+02 1.402000000000000000e+03 2.812300000000000000e+04 1.396000000000000000e+03 2.568600000000000000e+04 1.401000000000000000e+03 2.803300000000000000e+04
9.592296507199999951e+02 1.441000000000000000e+03 2.813400000000000000e+04 1.446000000000000000e+03 2.562300000000000000e+04 1.445000000000000000e+03 2.802100000000000000e+04
9.596607884699999431e+02 1.417000000000000000e+03 2.804700000000000000e+04 1.429000000000000000e+03 2.556700000000000000e+04 1.422000000000000000e+03 2.780100000000000000e+04
9.600919864800000596e+02 1.416000000000000000e+03 2.781000000000000000e+04 1.418000000000000000e+03 2.539900000000000000e+04 1.416000000000000000e+03 2.784200000000000000e+04
9.605232447500000035e+02 1.427000000000000000e+03 2.771500000000000000e+04 1.431000000000000000e+03 2.543800000000000000e+04 1.434000000000000000e+03 2.777500000000000000e+04
9.609545632800000021e+02 1.394000000000000000e+03 2.765700000000000000e+04 1.405000000000000000e+03 2.525000000000000000e+04 1.399000000000000000e+03 2.762000000000000000e+04
9.613859420700000555e+02 1.430000000000000000e+03 2.755200000000000000e+04 1.432000000000000000e+03 2.530300000000000000e+04 1.433000000000000000e+03 2.755300000000000000e+04
9.618173811199999363e+02 1.388000000000000000e+03 2.748900000000000000e+04 1.392000000000000000e+03 2.517300000000000000e+04 1.394000000000000000e+03 2.737000000000000000e+04
9.622488804300000993e+02 1.414000000000000000e+03 2.725800000000000000e+04 1.411000000000000000e+03 2.495100000000000000e+04 1.419000000000000000e+03 2.720100000000000000e+04
9.626804400000000896e+02 1.406000000000000000e+03 2.706300000000000000e+04 1.399000000000000000e+03 2.475200000000000000e+04 1.404000000000000000e+03 2.713200000000000000e+04
9.631120598299999074e+02 1.409000000000000000e+03 2.691200000000000000e+04 1.419000000000000000e+03 2.461300000000000000e+04 1.410000000000000000e+03 2.695200000000000000e+04
9.635437399200000073e+02 1.425000000000000000e+03 2.674800000000000000e+04 1.427000000000000000e+03 2.448600000000000000e+04 1.423000000000000000e+03 2.670900000000000000e+04
9.639754802699999345e+02 1.426000000000000000e+03 2.675500000000000000e+04 1.429000000000000000e+03 2.435100000000000000e+04 1.437000000000000000e+03 2.670400000000000000e+04
9.644072808799999166e+02 1.424000000000000000e+03 2.642700000000000000e+04 1.427000000000000000e+03 2.433000000000000000e+04 1.427000000000000000e+03 2.647500000000000000e+04
9.648391417499999534e+02 1.425000000000000000e+03 2.634600000000000000e+04 1.421000000000000000e+03 2.416200000000000000e+04 1.431000000000000000e+03 2.635500000000000000e+04
9.652710628800000450e+02 1.442000000000000000e+03 2.620200000000000000e+04 1.445000000000000000e+03 2.402500000000000000e+04 1.450000000000000000e+03 2.617100000000000000e+04
9.657030442699999639e+02 1.440000000000000000e+03 2.617800000000000000e+04 1.440000000000000000e+03 2.392300000000000000e+04 1.439000000000000000e+03 2.610000000000000000e+04
9.661350859199999377e+02 1.413000000000000000e+03 2.603900000000000000e+04 1.416000000000000000e+03 2.386500000000000000e+04 1.422000000000000000e+03 2.591200000000000000e+04
9.665671878299999662e+02 1.427000000000000000e+03 2.582300000000000000e+04 1.431000000000000000e+03 2.373900000000000000e+04 1.433000000000000000e+03 2.584600000000000000e+04
9.669993500000000495e+02 1.408000000000000000e+03 2.578300000000000000e+04 1.411000000000000000e+03 2.359800000000000000e+04 1.410000000000000000e+03 2.566400000000000000e+04
9.674315724299999601e+02 1.414000000000000000e+03 2.562200000000000000e+04 1.425000000000000000e+03 2.350300000000000000e+04 1.427000000000000000e+03 2.554100000000000000e+04
9.678638551199999256e+02 1.421000000000000000e+03 2.554200000000000000e+04 1.416000000000000000e+03 2.338200000000000000e+04 1.425000000000000000e+03 2.543600000000000000e+04
9.682961980699999458e+02 1.459000000000000000e+03 2.532000000000000000e+04 1.456000000000000000e+03 2.321200000000000000e+04 1.468000000000000000e+03 2.532800000000000000e+04
9.687286012800000208e+02 1.432000000000000000e+03 2.521400000000000000e+04 1.425000000000000000e+03 2.311500000000000000e+04 1.436000000000000000e+03 2.520100000000000000e+04
9.691610647500000368e+02 1.433000000000000000e+03 2.503900000000000000e+04 1.436000000000000000e+03 2.316000000000000000e+04 1.452000000000000000e+03 2.510600000000000000e+04
9.695935884800001077e+02 1.425000000000000000e+03 2.498900000000000000e+04 1.429000000000000000e+03 2.298300000000000000e+04 1.436000000000000000e+03 2.496000000000000000e+04
9.700261724699998922e+02 1.411000000000000000e+03 2.499800000000000000e+04 1.415000000000000000e+03 2.296000000000000000e+04 1.422000000000000000e+03 2.488500000000000000e+04
9.704588167199999589e+02 1.440000000000000000e+03 2.488000000000000000e+04 1.440000000000000000e+03 2.299400000000000000e+04 1.447000000000000000e+03 2.480100000000000000e+04
9.708915212299999666e+02 1.406000000000000000e+03 2.481700000000000000e+04 1.402000000000000000e+03 2.279700000000000000e+04 1.415000000000000000e+03 2.466800000000000000e+04
9.713242860000000292e+02 1.416000000000000000e+03 2.468000000000000000e+04 1.415000000000000000e+03 2.262400000000000000e+04 1.413000000000000000e+03 2.458300000000000000e+04
9.717571110300000328e+02 1.397000000000000000e+03 2.444000000000000000e+04 1.404000000000000000e+03 2.250600000000000000e+04 1.411000000000000000e+03 2.442700000000000000e+04
9.721899963200000911e+02 1.430000000000000000e+03 2.430300000000000000e+04 1.426000000000000000e+03 2.241200000000000000e+04 1.432000000000000000e+03 2.432000000000000000e+04
9.726229418699999769e+02 1.412000000000000000e+03 2.415700000000000000e+04 1.412000000000000000e+03 2.220500000000000000e+04 1.426000000000000000e+03 2.411300000000000000e+04
9.730559476800000311e+02 1.419000000000000000e+03 2.408500000000000000e+04 1.425000000000000000e+03 2.208000000000000000e+04 1.426000000000000000e+03 2.406500000000000000e+04
9.734890137499999128e+02 1.418000000000000000e+03 2.403700000000000000e+04 1.425000000000000000e+03 2.209000000000000000e+04 1.424000000000000000e+03 2.397300000000000000e+04
9.739221400799999628e+02 1.409000000000000000e+03 2.398400000000000000e+04 1.416000000000000000e+03 2.205100000000000000e+04 1.416000000000000000e+03 2.390200000000000000e+04
9.743553266700000677e+02 1.422000000000000000e+03 2.385700000000000000e+04 1.438000000000000000e+03 2.198300000000000000e+04 1.436000000000000000e+03 2.385400000000000000e+04
9.747885735199999999e+02 1.406000000000000000e+03 2.386000000000000000e+04 1.412000000000000000e+03 2.200500000000000000e+04 1.416000000000000000e+03 2.388800000000000000e+04
9.752218806299999869e+02 1.412000000000000000e+03 2.358500000000000000e+04 1.425000000000000000e+03 2.173000000000000000e+04 1.421000000000000000e+03 2.359200000000000000e+04
9.756552480000000287e+02 1.397000000000000000e+03 2.354400000000000000e+04 1.403000000000000000e+03 2.166200000000000000e+04 1.407000000000000000e+03 2.347000000000000000e+04
9.760886756300000116e+02 1.403000000000000000e+03 2.340700000000000000e+04 1.410000000000000000e+03 2.157200000000000000e+04 1.414000000000000000e+03 2.330600000000000000e+04
9.765221635200000492e+02 1.404000000000000000e+03 2.326100000000000000e+04 1.408000000000000000e+03 2.150400000000000000e+04 1.401000000000000000e+03 2.324600000000000000e+04
9.769557116700000279e+02 1.417000000000000000e+03 2.323900000000000000e+04 1.421000000000000000e+03 2.150400000000000000e+04 1.411000000000000000e+03 2.320900000000000000e+04
9.773893200800000614e+02 1.413000000000000000e+03 2.321600000000000000e+04 1.418000000000000000e+03 2.137300000000000000e+04 1.412000000000000000e+03 2.313900000000000000e+04
9.778229887499999222e+02 1.392000000000000000e+03 2.311200000000000000e+04 1.390000000000000000e+03 2.132800000000000000e+04 1.397000000000000000e+03 2.304900000000000000e+04
9.782567176800000652e+02 1.409000000000000000e+03 2.298200000000000000e+04 1.418000000000000000e+03 2.117600000000000000e+04 1.411000000000000000e+03 2.290900000000000000e+04
9.786905068700000356e+02 1.407000000000000000e+03 2.294000000000000000e+04 1.408000000000000000e+03 2.113600000000000000e+04 1.423000000000000000e+03 2.285400000000000000e+04
9.791243563200000608e+02 1.430000000000000000e+03 2.268400000000000000e+04 1.423000000000000000e+03 2.103600000000000000e+04 1.419000000000000000e+03 2.261700000000000000e+04
9.795582660300000271e+02 1.401000000000000000e+03 2.262900000000000000e+04 1.418000000000000000e+03 2.091100000000000000e+04 1.406000000000000000e+03 2.262300000000000000e+04
9.799922360000000481e+02 1.386000000000000000e+03 2.245700000000000000e+04 1.404000000000000000e+03 2.074700000000000000e+04 1.406000000000000000e+03 2.248300000000000000e+04
9.804262662300000102e+02 1.403000000000000000e+03 2.233700000000000000e+04 1.413000000000000000e+03 2.063300000000000000e+04 1.404000000000000000e+03 2.229500000000000000e+04
9.808603567200000271e+02 1.427000000000000000e+03 2.229000000000000000e+04 1.435000000000000000e+03 2.058300000000000000e+04 1.434000000000000000e+03 2.229300000000000000e+04
9.812945074699999850e+02 1.439000000000000000e+03 2.219300000000000000e+04 1.436000000000000000e+03 2.041200000000000000e+04 1.450000000000000000e+03 2.213400000000000000e+04
9.817287184799999977e+02 1.415000000000000000e+03 2.212500000000000000e+04 1.415000000000000000e+03 2.040500000000000000e+04 1.424000000000000000e+03 2.199600000000000000e+04
9.821629897499999515e+02 1.401000000000000000e+03 2.188200000000000000e+04 1.397000000000000000e+03 2.025500000000000000e+04 1.409000000000000000e+03 2.187300000000000000e+04
9.825973212799999601e+02 1.426000000000000000e+03 2.178400000000000000e+04 1.432000000000000000e+03 2.016200000000000000e+04 1.439000000000000000e+03 2.173300000000000000e+04
9.830317130700000234e+02 1.411000000000000000e+03 2.170100000000000000e+04 1.419000000000000000e+03 2.006800000000000000e+04 1.422000000000000000e+03 2.170300000000000000e+04
9.834661651200000279e+02 1.401000000000000000e+03 2.158200000000000000e+04 1.402000000000000000e+03 1.998800000000000000e+04 1.403000000000000000e+03 2.152800000000000000e+04
9.839006774300000870e+02 1.408000000000000000e+03 2.145500000000000000e+04 1.419000000000000000e+03 1.984000000000000000e+04 1.417000000000000000e+03 2.149300000000000000e+04
9.843352499999999736e+02 1.398000000000000000e+03 2.139200000000000000e+04 1.405000000000000000e+03 1.993500000000000000e+04 1.410000000000000000e+03 2.139100000000000000e+04
9.847698828299999150e+02 1.440000000000000000e+03 2.143000000000000000e+04 1.444000000000000000e+03 1.983000000000000000e+04 1.445000000000000000e+03 2.133200000000000000e+04
9.852045759200000248e+02 1.400000000000000000e+03 2.142500000000000000e+04 1.417000000000000000e+03 1.979300000000000000e+04 1.417000000000000000e+03 2.138700000000000000e+04
9.856393292699999620e+02 1.418000000000000000e+03 2.136200000000000000e+04 1.418000000000000000e+03 1.980900000000000000e+04 1.418000000000000000e+03 2.132200000000000000e+04
9.860741428799999539e+02 1.407000000000000000e+03 2.123700000000000000e+04 1.416000000000000000e+03 1.966400000000000000e+04 1.423000000000000000e+03 2.128600000000000000e+04
9.865090167500000007e+02 1.405000000000000000e+03 2.130200000000000000e+04 1.412000000000000000e+03 1.974800000000000000e+04 1.413000000000000000e+03 2.129100000000000000e+04
9.869439508800001022e+02 1.437000000000000000e+03 2.128400000000000000e+04 1.435000000000000000e+03 1.975900000000000000e+04 1.445000000000000000e+03 2.123100000000000000e+04
9.873789452700000311e+02 1.410000000000000000e+03 2.119500000000000000e+04 1.413000000000000000e+03 1.968800000000000000e+04 1.423000000000000000e+03 2.121200000000000000e+04
9.878139999200000148e+02 1.391000000000000000e+03 2.121600000000000000e+04 1.390000000000000000e+03 1.964800000000000000e+04 1.401000000000000000e+03 2.112200000000000000e+04
9.882491148300000532e+02 1.387000000000000000e+03 2.110000000000000000e+04 1.402000000000000000e+03 1.952500000000000000e+04 1.404000000000000000e+03 2.111300000000000000e+04
9.886842899999999190e+02 1.400000000000000000e+03 2.100100000000000000e+04 1.415000000000000000e+03 1.944600000000000000e+04 1.402000000000000000e+03 2.098100000000000000e+04
9.891195254300000670e+02 1.413000000000000000e+03 2.085000000000000000e+04 1.438000000000000000e+03 1.925100000000000000e+04 1.446000000000000000e+03 2.078200000000000000e+04
9.895548211200000424e+02 1.401000000000000000e+03 2.067200000000000000e+04 1.416000000000000000e+03 1.916900000000000000e+04 1.412000000000000000e+03 2.065100000000000000e+04
9.899901770700000725e+02 1.424000000000000000e+03 2.058200000000000000e+04 1.435000000000000000e+03 1.906500000000000000e+04 1.423000000000000000e+03 2.065300000000000000e+04
9.904255932799999300e+02 1.400000000000000000e+03 2.047900000000000000e+04 1.398000000000000000e+03 1.893400000000000000e+04 1.411000000000000000e+03 2.045900000000000000e+04
9.908610697500000697e+02 1.409000000000000000e+03 2.037100000000000000e+04 1.423000000000000000e+03 1.896000000000000000e+04 1.428000000000000000e+03 2.037400000000000000e+04
9.912966064800000368e+02 1.406000000000000000e+03 2.022100000000000000e+04 1.413000000000000000e+03 1.885200000000000000e+04 1.421000000000000000e+03 2.038500000000000000e+04
9.917322034700000586e+02 1.381000000000000000e+03 2.015700000000000000e+04 1.397000000000000000e+03 1.871800000000000000e+04 1.395000000000000000e+03 2.020300000000000000e+04
9.921678607199999078e+02 1.398000000000000000e+03 2.017300000000000000e+04 1.408000000000000000e+03 1.873100000000000000e+04 1.409000000000000000e+03 2.017000000000000000e+04
9.926035782300000392e+02 1.426000000000000000e+03 2.003800000000000000e+04 1.435000000000000000e+03 1.862700000000000000e+04 1.440000000000000000e+03 2.000500000000000000e+04
9.930393559999999979e+02 1.391000000000000000e+03 1.995600000000000000e+04 1.411000000000000000e+03 1.854000000000000000e+04 1.398000000000000000e+03 1.995100000000000000e+04
9.934751940300000115e+02 1.442000000000000000e+03 1.989500000000000000e+04 1.451000000000000000e+03 1.842800000000000000e+04 1.453000000000000000e+03 1.987900000000000000e+04
9.939110923200000798e+02 1.405000000000000000e+03 1.961600000000000000e+04 1.412000000000000000e+03 1.827700000000000000e+04 1.399000000000000000e+03 1.971700000000000000e+04
9.943470508699999755e+02 1.386000000000000000e+03 1.954800000000000000e+04 1.386000000000000000e+03 1.809500000000000000e+04 1.395000000000000000e+03 1.951000000000000000e+04
9.947830696799999259e+02 1.415000000000000000e+03 1.950000000000000000e+04 1.431000000000000000e+03 1.801400000000000000e+04 1.429000000000000000e+03 1.932200000000000000e+04
9.952191487499999312e+02 1.425000000000000000e+03 1.937900000000000000e+04 1.430000000000000000e+03 1.796800000000000000e+04 1.435000000000000000e+03 1.932500000000000000e+04
9.956552880799999912e+02 1.412000000000000000e+03 1.916600000000000000e+04 1.408000000000000000e+03 1.782700000000000000e+04 1.418000000000000000e+03 1.911500000000000000e+04
9.960914876699999922e+02 1.405000000000000000e+03 1.914800000000000000e+04 1.418000000000000000e+03 1.769200000000000000e+04 1.421000000000000000e+03 1.908600000000000000e+04
9.965277475200000481e+02 1.411000000000000000e+03 1.903600000000000000e+04 1.417000000000000000e+03 1.761500000000000000e+04 1.412000000000000000e+03 1.890500000000000000e+04
9.969640676300000450e+02 1.431000000000000000e+03 1.887100000000000000e+04 1.426000000000000000e+03 1.756500000000000000e+04 1.427000000000000000e+03 1.886300000000000000e+04
9.974004480000000967e+02 1.405000000000000000e+03 1.871600000000000000e+04 1.418000000000000000e+03 1.746700000000000000e+04 1.420000000000000000e+03 1.885800000000000000e+04
9.978368886299999758e+02 1.406000000000000000e+03 1.868800000000000000e+04 1.404000000000000000e+03 1.742600000000000000e+04 1.410000000000000000e+03 1.873600000000000000e+04
9.982733895200000234e+02 1.395000000000000000e+03 1.846000000000000000e+04 1.391000000000000000e+03 1.725000000000000000e+04 1.397000000000000000e+03 1.848500000000000000e+04
9.987099506699998983e+02 1.374000000000000000e+03 1.841200000000000000e+04 1.377000000000000000e+03 1.721800000000000000e+04 1.390000000000000000e+03 1.843200000000000000e+04
9.991465720799999417e+02 1.397000000000000000e+03 1.835700000000000000e+04 1.399000000000000000e+03 1.709300000000000000e+04 1.406000000000000000e+03 1.825900000000000000e+04
9.995832537500000399e+02 1.406000000000000000e+03 1.811300000000000000e+04 1.422000000000000000e+03 1.699500000000000000e+04 1.415000000000000000e+03 1.818500000000000000e+04
1.000019995679999965e+03 1.406000000000000000e+03 1.797700000000000000e+04 1.409000000000000000e+03 1.670800000000000000e+04 1.412000000000000000e+03 1.802100000000000000e+04
1.000456797869999946e+03 1.412000000000000000e+03 1.797200000000000000e+04 1.418000000000000000e+03 1.669600000000000000e+04 1.423000000000000000e+03 1.799200000000000000e+04
1.000893660319999981e+03 1.415000000000000000e+03 1.778600000000000000e+04 1.423000000000000000e+03 1.656000000000000000e+04 1.429000000000000000e+03 1.787000000000000000e+04
1.001330583030000071e+03 1.427000000000000000e+03 1.772700000000000000e+04 1.437000000000000000e+03 1.645800000000000000e+04 1.438000000000000000e+03 1.765400000000000000e+04
1.001767565999999988e+03 1.419000000000000000e+03 1.752200000000000000e+04 1.427000000000000000e+03 1.632800000000000000e+04 1.422000000000000000e+03 1.752200000000000000e+04
1.002204609229999960e+03 1.403000000000000000e+03 1.756400000000000000e+04 1.403000000000000000e+03 1.623700000000000000e+04 1.420000000000000000e+03 1.743200000000000000e+04
1.002641712719999987e+03 1.403000000000000000e+03 1.726700000000000000e+04 1.404000000000000000e+03 1.606000000000000000e+04 1.413000000000000000e+03 1.728600000000000000e+04
1.003078876470000068e+03 1.406000000000000000e+03 1.710900000000000000e+04 1.418000000000000000e+03 1.591400000000000000e+04 1.418000000000000000e+03 1.708200000000000000e+04
1.003516100479999977e+03 1.376000000000000000e+03 1.703800000000000000e+04 1.386000000000000000e+03 1.592700000000000000e+04 1.385000000000000000e+03 1.705800000000000000e+04
1.003953384749999941e+03 1.431000000000000000e+03 1.700000000000000000e+04 1.440000000000000000e+03 1.579700000000000000e+04 1.444000000000000000e+03 1.698100000000000000e+04
1.004390729279999960e+03 1.428000000000000000e+03 1.688000000000000000e+04 1.423000000000000000e+03 1.575600000000000000e+04 1.424000000000000000e+03 1.678300000000000000e+04
1.004828134070000033e+03 1.435000000000000000e+03 1.675400000000000000e+04 1.428000000000000000e+03 1.563400000000000000e+04 1.432000000000000000e+03 1.675900000000000000e+04
1.005265599119999933e+03 1.417000000000000000e+03 1.658600000000000000e+04 1.413000000000000000e+03 1.551000000000000000e+04 1.419000000000000000e+03 1.657500000000000000e+04
1.005703124429999889e+03 1.418000000000000000e+03 1.659700000000000000e+04 1.431000000000000000e+03 1.545500000000000000e+04 1.428000000000000000e+03 1.647800000000000000e+04
1.006140709999999899e+03 1.409000000000000000e+03 1.634600000000000000e+04 1.397000000000000000e+03 1.530400000000000000e+04 1.405000000000000000e+03 1.634500000000000000e+04
1.006578355829999964e+03 1.393000000000000000e+03 1.625300000000000000e+04 1.405000000000000000e+03 1.514000000000000000e+04 1.406000000000000000e+03 1.628800000000000000e+04
1.007016061920000084e+03 1.400000000000000000e+03 1.625700000000000000e+04 1.414000000000000000e+03 1.507800000000000000e+04 1.407000000000000000e+03 1.620100000000000000e+04
1.007453828270000031e+03 1.400000000000000000e+03 1.618000000000000000e+04 1.405000000000000000e+03 1.510300000000000000e+04 1.409000000000000000e+03 1.616200000000000000e+04
1.007891654880000033e+03 1.421000000000000000e+03 1.604900000000000000e+04 1.424000000000000000e+03 1.496500000000000000e+04 1.433000000000000000e+03 1.599800000000000000e+04
1.008329541750000089e+03 1.399000000000000000e+03 1.584200000000000000e+04 1.398000000000000000e+03 1.486500000000000000e+04 1.396000000000000000e+03 1.595900000000000000e+04
1.008767488879999974e+03 1.391000000000000000e+03 1.587000000000000000e+04 1.398000000000000000e+03 1.484500000000000000e+04 1.400000000000000000e+03 1.584400000000000000e+04
1.009205496269999912e+03 1.388000000000000000e+03 1.571600000000000000e+04 1.404000000000000000e+03 1.474900000000000000e+04 1.411000000000000000e+03 1.574800000000000000e+04
1.009643563919999906e+03 1.456000000000000000e+03 1.566300000000000000e+04 1.464000000000000000e+03 1.463500000000000000e+04 1.472000000000000000e+03 1.568500000000000000e+04
1.010081691829999954e+03 1.421000000000000000e+03 1.556200000000000000e+04 1.419000000000000000e+03 1.455000000000000000e+04 1.425000000000000000e+03 1.553000000000000000e+04
1.010519880000000057e+03 1.416000000000000000e+03 1.553000000000000000e+04 1.448000000000000000e+03 1.447800000000000000e+04 1.440000000000000000e+03 1.550600000000000000e+04
1.010958128429999988e+03 1.430000000000000000e+03 1.537400000000000000e+04 1.438000000000000000e+03 1.441400000000000000e+04 1.429000000000000000e+03 1.532300000000000000e+04
1.011396437119999973e+03 1.407000000000000000e+03 1.522200000000000000e+04 1.423000000000000000e+03 1.427100000000000000e+04 1.413000000000000000e+03 1.519400000000000000e+04
1.011834806070000013e+03 1.428000000000000000e+03 1.511900000000000000e+04 1.433000000000000000e+03 1.418800000000000000e+04 1.434000000000000000e+03 1.514600000000000000e+04
1.012273235280000108e+03 1.403000000000000000e+03 1.496100000000000000e+04 1.412000000000000000e+03 1.399900000000000000e+04 1.411000000000000000e+03 1.499400000000000000e+04
1.012711724750000030e+03 1.421000000000000000e+03 1.483600000000000000e+04 1.428000000000000000e+03 1.396700000000000000e+04 1.435000000000000000e+03 1.478300000000000000e+04
1.013150274480000007e+03 1.399000000000000000e+03 1.474300000000000000e+04 1.407000000000000000e+03 1.383300000000000000e+04 1.409000000000000000e+03 1.477000000000000000e+04
1.013588884470000039e+03 1.431000000000000000e+03 1.476600000000000000e+04 1.430000000000000000e+03 1.378900000000000000e+04 1.436000000000000000e+03 1.468700000000000000e+04
1.014027554719999898e+03 1.408000000000000000e+03 1.461200000000000000e+04 1.417000000000000000e+03 1.361400000000000000e+04 1.407000000000000000e+03 1.454300000000000000e+04
1.014466285230000040e+03 1.429000000000000000e+03 1.444500000000000000e+04 1.435000000000000000e+03 1.355800000000000000e+04 1.437000000000000000e+03 1.447600000000000000e+04
1.014905076000000008e+03 1.453000000000000000e+03 1.445100000000000000e+04 1.458000000000000000e+03 1.347100000000000000e+04 1.456000000000000000e+03 1.445600000000000000e+04
1.015343927030000032e+03 1.460000000000000000e+03 1.435100000000000000e+04 1.465000000000000000e+03 1.340900000000000000e+04 1.471000000000000000e+03 1.431700000000000000e+04
1.015782838320000110e+03 1.417000000000000000e+03 1.420900000000000000e+04 1.430000000000000000e+03 1.326300000000000000e+04 1.432000000000000000e+03 1.415400000000000000e+04
1.016221809870000016e+03 1.447000000000000000e+03 1.405400000000000000e+04 1.445000000000000000e+03 1.327100000000000000e+04 1.450000000000000000e+03 1.417100000000000000e+04
1.016660841679999976e+03 1.426000000000000000e+03 1.410700000000000000e+04 1.430000000000000000e+03 1.316500000000000000e+04 1.433000000000000000e+03 1.399400000000000000e+04
1.017099933749999991e+03 1.397000000000000000e+03 1.394800000000000000e+04 1.404000000000000000e+03 1.311300000000000000e+04 1.407000000000000000e+03 1.396200000000000000e+04
1.017539086080000061e+03 1.389000000000000000e+03 1.384100000000000000e+04 1.401000000000000000e+03 1.307200000000000000e+04 1.392000000000000000e+03 1.389100000000000000e+04
1.017978298669999958e+03 1.423000000000000000e+03 1.370800000000000000e+04 1.424000000000000000e+03 1.289100000000000000e+04 1.431000000000000000e+03 1.375200000000000000e+04
1.018417571519999910e+03 1.402000000000000000e+03 1.360500000000000000e+04 1.404000000000000000e+03 1.271200000000000000e+04 1.410000000000000000e+03 1.357000000000000000e+04
1.018856904629999917e+03 1.426000000000000000e+03 1.349000000000000000e+04 1.428000000000000000e+03 1.267100000000000000e+04 1.442000000000000000e+03 1.338500000000000000e+04
1.019296297999999979e+03 1.434000000000000000e+03 1.334400000000000000e+04 1.449000000000000000e+03 1.253200000000000000e+04 1.441000000000000000e+03 1.332900000000000000e+04
1.019735751630000095e+03 1.423000000000000000e+03 1.320300000000000000e+04 1.426000000000000000e+03 1.240600000000000000e+04 1.432000000000000000e+03 1.322500000000000000e+04
1.020175265520000039e+03 1.384000000000000000e+03 1.315300000000000000e+04 1.403000000000000000e+03 1.232100000000000000e+04 1.399000000000000000e+03 1.316000000000000000e+04
1.020614839670000038e+03 1.429000000000000000e+03 1.318100000000000000e+04 1.442000000000000000e+03 1.239400000000000000e+04 1.444000000000000000e+03 1.317300000000000000e+04
1.021054474080000091e+03 1.381000000000000000e+03 1.306100000000000000e+04 1.394000000000000000e+03 1.223600000000000000e+04 1.387000000000000000e+03 1.304400000000000000e+04
1.021494168749999972e+03 1.399000000000000000e+03 1.297400000000000000e+04 1.407000000000000000e+03 1.216200000000000000e+04 1.408000000000000000e+03 1.303400000000000000e+04
1.021933923679999907e+03 1.381000000000000000e+03 1.287900000000000000e+04 1.387000000000000000e+03 1.208800000000000000e+04 1.385000000000000000e+03 1.292500000000000000e+04
1.022373738870000125e+03 1.412000000000000000e+03 1.280700000000000000e+04 1.428000000000000000e+03 1.201800000000000000e+04 1.412000000000000000e+03 1.273600000000000000e+04
1.022813614319999942e+03 1.432000000000000000e+03 1.265800000000000000e+04 1.420000000000000000e+03 1.195500000000000000e+04 1.433000000000000000e+03 1.266700000000000000e+04
1.023253550030000042e+03 1.456000000000000000e+03 1.261400000000000000e+04 1.439000000000000000e+03 1.178400000000000000e+04 1.455000000000000000e+03 1.252700000000000000e+04
1.023693545999999969e+03 1.420000000000000000e+03 1.236100000000000000e+04 1.415000000000000000e+03 1.168900000000000000e+04 1.418000000000000000e+03 1.238600000000000000e+04
1.024133602229999951e+03 1.416000000000000000e+03 1.237900000000000000e+04 1.413000000000000000e+03 1.162800000000000000e+04 1.417000000000000000e+03 1.231700000000000000e+04
1.024573718719999988e+03 1.425000000000000000e+03 1.219700000000000000e+04 1.415000000000000000e+03 1.145400000000000000e+04 1.425000000000000000e+03 1.220800000000000000e+04
1.025013895470000080e+03 1.419000000000000000e+03 1.206300000000000000e+04 1.419000000000000000e+03 1.135100000000000000e+04 1.437000000000000000e+03 1.202900000000000000e+04
1.025454132479999998e+03 1.409000000000000000e+03 1.199700000000000000e+04 1.416000000000000000e+03 1.122600000000000000e+04 1.417000000000000000e+03 1.198500000000000000e+04
1.025894429749999972e+03 1.381000000000000000e+03 1.184400000000000000e+04 1.391000000000000000e+03 1.103500000000000000e+04 1.389000000000000000e+03 1.177000000000000000e+04
1.026334787280000000e+03 1.405000000000000000e+03 1.173300000000000000e+04 1.415000000000000000e+03 1.104900000000000000e+04 1.415000000000000000e+03 1.179300000000000000e+04
1.026775205070000084e+03 1.427000000000000000e+03 1.173500000000000000e+04 1.428000000000000000e+03 1.101200000000000000e+04 1.427000000000000000e+03 1.176200000000000000e+04
1.027215683119999994e+03 1.389000000000000000e+03 1.160800000000000000e+04 1.393000000000000000e+03 1.097000000000000000e+04 1.398000000000000000e+03 1.164700000000000000e+04
1.027656221429999960e+03 1.403000000000000000e+03 1.155300000000000000e+04 1.405000000000000000e+03 1.082800000000000000e+04 1.414000000000000000e+03 1.156500000000000000e+04
1.028096819999999980e+03 1.406000000000000000e+03 1.149400000000000000e+04 1.413000000000000000e+03 1.076800000000000000e+04 1.418000000000000000e+03 1.146200000000000000e+04
1.028537478830000055e+03 1.415000000000000000e+03 1.140600000000000000e+04 1.415000000000000000e+03 1.072400000000000000e+04 1.415000000000000000e+03 1.135200000000000000e+04
1.028978197919999957e+03 1.421000000000000000e+03 1.129800000000000000e+04 1.420000000000000000e+03 1.059000000000000000e+04 1.421000000000000000e+03 1.124100000000000000e+04
1.029418977269999914e+03 1.430000000000000000e+03 1.118700000000000000e+04 1.441000000000000000e+03 1.053800000000000000e+04 1.436000000000000000e+03 1.113400000000000000e+04
1.029859816879999926e+03 1.409000000000000000e+03 1.105000000000000000e+04 1.411000000000000000e+03 1.042500000000000000e+04 1.427000000000000000e+03 1.108800000000000000e+04
1.030300716749999992e+03 1.420000000000000000e+03 1.092300000000000000e+04 1.422000000000000000e+03 1.026600000000000000e+04 1.434000000000000000e+03 1.093200000000000000e+04
1.030741676879999886e+03 1.409000000000000000e+03 1.075600000000000000e+04 1.430000000000000000e+03 1.013200000000000000e+04 1.416000000000000000e+03 1.075800000000000000e+04
1.031182697270000062e+03 1.387000000000000000e+03 1.068300000000000000e+04 1.394000000000000000e+03 1.001200000000000000e+04 1.389000000000000000e+03 1.061200000000000000e+04
1.031623777920000066e+03 1.443000000000000000e+03 1.054400000000000000e+04 1.444000000000000000e+03 9.993000000000000000e+03 1.460000000000000000e+03 1.056100000000000000e+04
1.032064918829999897e+03 1.408000000000000000e+03 1.042700000000000000e+04 1.406000000000000000e+03 9.804000000000000000e+03 1.427000000000000000e+03 1.036900000000000000e+04
1.032506120000000010e+03 1.412000000000000000e+03 1.037400000000000000e+04 1.415000000000000000e+03 9.861000000000000000e+03 1.416000000000000000e+03 1.035800000000000000e+04
1.032947381429999950e+03 1.419000000000000000e+03 1.032800000000000000e+04 1.425000000000000000e+03 9.751000000000000000e+03 1.427000000000000000e+03 1.032700000000000000e+04
1.033388703119999946e+03 1.405000000000000000e+03 1.018700000000000000e+04 1.400000000000000000e+03 9.596000000000000000e+03 1.424000000000000000e+03 1.015200000000000000e+04
1.033830085069999996e+03 1.413000000000000000e+03 1.010700000000000000e+04 1.417000000000000000e+03 9.528000000000000000e+03 1.427000000000000000e+03 1.006800000000000000e+04
1.034271527279999873e+03 1.414000000000000000e+03 9.982000000000000000e+03 1.413000000000000000e+03 9.447000000000000000e+03 1.422000000000000000e+03 1.002600000000000000e+04
1.034713029750000032e+03 1.411000000000000000e+03 9.891000000000000000e+03 1.422000000000000000e+03 9.406000000000000000e+03 1.418000000000000000e+03 9.910000000000000000e+03
1.035154592480000019e+03 1.383000000000000000e+03 9.837000000000000000e+03 1.393000000000000000e+03 9.266000000000000000e+03 1.400000000000000000e+03 9.883000000000000000e+03
1.035596215470000061e+03 1.406000000000000000e+03 9.731000000000000000e+03 1.406000000000000000e+03 9.214000000000000000e+03 1.412000000000000000e+03 9.646000000000000000e+03
1.036037898719999930e+03 1.418000000000000000e+03 9.649000000000000000e+03 1.430000000000000000e+03 9.092000000000000000e+03 1.424000000000000000e+03 9.618000000000000000e+03
1.036479642230000081e+03 1.426000000000000000e+03 9.599000000000000000e+03 1.428000000000000000e+03 9.073000000000000000e+03 1.428000000000000000e+03 9.566000000000000000e+03
1.036921446000000060e+03 1.407000000000000000e+03 9.499000000000000000e+03 1.425000000000000000e+03 9.004000000000000000e+03 1.421000000000000000e+03 9.479000000000000000e+03
1.037363310030000093e+03 1.403000000000000000e+03 9.377000000000000000e+03 1.411000000000000000e+03 8.849000000000000000e+03 1.423000000000000000e+03 9.383000000000000000e+03
1.037805234319999954e+03 1.407000000000000000e+03 9.249000000000000000e+03 1.404000000000000000e+03 8.712000000000000000e+03 1.410000000000000000e+03 9.236000000000000000e+03
1.038247218869999870e+03 1.422000000000000000e+03 9.165000000000000000e+03 1.422000000000000000e+03 8.643000000000000000e+03 1.424000000000000000e+03 9.160000000000000000e+03
1.038689263680000067e+03 1.415000000000000000e+03 9.034000000000000000e+03 1.419000000000000000e+03 8.575000000000000000e+03 1.425000000000000000e+03 9.054000000000000000e+03
1.039131368750000092e+03 1.412000000000000000e+03 8.950000000000000000e+03 1.413000000000000000e+03 8.465000000000000000e+03 1.417000000000000000e+03 8.919000000000000000e+03
1.039573534079999945e+03 1.418000000000000000e+03 8.879000000000000000e+03 1.420000000000000000e+03 8.375000000000000000e+03 1.423000000000000000e+03 8.855000000000000000e+03
1.040015759670000079e+03 1.407000000000000000e+03 8.744000000000000000e+03 1.422000000000000000e+03 8.323000000000000000e+03 1.418000000000000000e+03 8.787000000000000000e+03
1.040458045520000042e+03 1.389000000000000000e+03 8.663000000000000000e+03 1.392000000000000000e+03 8.138000000000000000e+03 1.389000000000000000e+03 8.612000000000000000e+03
1.040900391630000058e+03 1.428000000000000000e+03 8.608000000000000000e+03 1.430000000000000000e+03 8.139000000000000000e+03 1.430000000000000000e+03 8.678000000000000000e+03
1.041342798000000130e+03 1.423000000000000000e+03 8.482000000000000000e+03 1.429000000000000000e+03 8.063000000000000000e+03 1.435000000000000000e+03 8.560000000000000000e+03
1.041785264630000029e+03 1.396000000000000000e+03 8.360000000000000000e+03 1.396000000000000000e+03 7.941000000000000000e+03 1.395000000000000000e+03 8.371000000000000000e+03
1.042227791519999982e+03 1.408000000000000000e+03 8.305000000000000000e+03 1.419000000000000000e+03 7.858000000000000000e+03 1.412000000000000000e+03 8.267000000000000000e+03
1.042670378669999991e+03 1.398000000000000000e+03 8.209000000000000000e+03 1.404000000000000000e+03 7.736000000000000000e+03 1.404000000000000000e+03 8.193000000000000000e+03
1.043113026080000054e+03 1.430000000000000000e+03 8.161000000000000000e+03 1.438000000000000000e+03 7.738000000000000000e+03 1.437000000000000000e+03 8.163000000000000000e+03
1.043555733749999945e+03 1.423000000000000000e+03 8.083000000000000000e+03 1.428000000000000000e+03 7.636000000000000000e+03 1.433000000000000000e+03 8.090000000000000000e+03
1.043998501680000118e+03 1.421000000000000000e+03 7.977000000000000000e+03 1.423000000000000000e+03 7.551000000000000000e+03 1.424000000000000000e+03 7.979000000000000000e+03
1.044441329870000118e+03 1.432000000000000000e+03 7.918000000000000000e+03 1.434000000000000000e+03 7.443000000000000000e+03 1.437000000000000000e+03 7.842000000000000000e+03
1.044884218319999945e+03 1.406000000000000000e+03 7.841000000000000000e+03 1.400000000000000000e+03 7.371000000000000000e+03 1.413000000000000000e+03 7.830000000000000000e+03
1.045327167030000055e+03 1.426000000000000000e+03 7.826000000000000000e+03 1.424000000000000000e+03 7.374000000000000000e+03 1.434000000000000000e+03 7.733000000000000000e+03
1.045770175999999992e+03 1.407000000000000000e+03 7.640000000000000000e+03 1.413000000000000000e+03 7.312000000000000000e+03 1.411000000000000000e+03 7.706000000000000000e+03
1.046213245229999984e+03 1.424000000000000000e+03 7.559000000000000000e+03 1.423000000000000000e+03 7.220000000000000000e+03 1.430000000000000000e+03 7.610000000000000000e+03
1.046656374720000031e+03 1.422000000000000000e+03 7.541000000000000000e+03 1.420000000000000000e+03 7.149000000000000000e+03 1.437000000000000000e+03 7.542000000000000000e+03
1.047099564469999905e+03 1.425000000000000000e+03 7.471000000000000000e+03 1.435000000000000000e+03 7.063000000000000000e+03 1.441000000000000000e+03 7.458000000000000000e+03
1.047542814480000061e+03 1.412000000000000000e+03 7.345000000000000000e+03 1.407000000000000000e+03 6.952000000000000000e+03 1.419000000000000000e+03 7.365000000000000000e+03
1.047986124750000045e+03 1.388000000000000000e+03 7.312000000000000000e+03 1.399000000000000000e+03 6.933000000000000000e+03 1.402000000000000000e+03 7.254000000000000000e+03
1.048429495280000083e+03 1.408000000000000000e+03 7.236000000000000000e+03 1.424000000000000000e+03 6.827000000000000000e+03 1.421000000000000000e+03 7.244000000000000000e+03
1.048872926069999949e+03 1.423000000000000000e+03 7.204000000000000000e+03 1.423000000000000000e+03 6.784000000000000000e+03 1.436000000000000000e+03 7.189000000000000000e+03
1.049316417119999869e+03 1.425000000000000000e+03 7.089000000000000000e+03 1.424000000000000000e+03 6.684000000000000000e+03 1.433000000000000000e+03 7.055000000000000000e+03
1.049759968430000072e+03 1.469000000000000000e+03 7.092000000000000000e+03 1.484000000000000000e+03 6.694000000000000000e+03 1.485000000000000000e+03 7.075000000000000000e+03
1.050203580000000102e+03 1.424000000000000000e+03 6.946000000000000000e+03 1.431000000000000000e+03 6.548000000000000000e+03 1.428000000000000000e+03 6.961000000000000000e+03
1.050647251829999959e+03 1.391000000000000000e+03 6.850000000000000000e+03 1.400000000000000000e+03 6.535000000000000000e+03 1.401000000000000000e+03 6.774000000000000000e+03
1.051090983920000099e+03 1.406000000000000000e+03 6.771000000000000000e+03 1.418000000000000000e+03 6.495000000000000000e+03 1.413000000000000000e+03 6.779000000000000000e+03
1.051534776270000066e+03 1.425000000000000000e+03 6.764000000000000000e+03 1.423000000000000000e+03 6.378000000000000000e+03 1.430000000000000000e+03 6.740000000000000000e+03
1.051978628880000088e+03 1.406000000000000000e+03 6.624000000000000000e+03 1.405000000000000000e+03 6.325000000000000000e+03 1.395000000000000000e+03 6.628000000000000000e+03
1.052422541749999937e+03 1.406000000000000000e+03 6.607000000000000000e+03 1.422000000000000000e+03 6.265000000000000000e+03 1.415000000000000000e+03 6.574000000000000000e+03
1.052866514880000068e+03 1.379000000000000000e+03 6.505000000000000000e+03 1.385000000000000000e+03 6.207000000000000000e+03 1.395000000000000000e+03 6.527000000000000000e+03
1.053310548270000027e+03 1.399000000000000000e+03 6.453000000000000000e+03 1.409000000000000000e+03 6.144000000000000000e+03 1.408000000000000000e+03 6.486000000000000000e+03
1.053754641920000040e+03 1.392000000000000000e+03 6.394000000000000000e+03 1.412000000000000000e+03 6.094000000000000000e+03 1.412000000000000000e+03 6.430000000000000000e+03
1.054198795830000108e+03 1.410000000000000000e+03 6.334000000000000000e+03 1.421000000000000000e+03 6.013000000000000000e+03 1.414000000000000000e+03 6.354000000000000000e+03
1.054643010000000004e+03 1.407000000000000000e+03 6.288000000000000000e+03 1.412000000000000000e+03 6.005000000000000000e+03 1.427000000000000000e+03 6.269000000000000000e+03
1.055087284429999954e+03 1.417000000000000000e+03 6.256000000000000000e+03 1.424000000000000000e+03 5.974000000000000000e+03 1.417000000000000000e+03 6.213000000000000000e+03
1.055531619119999959e+03 1.382000000000000000e+03 6.163000000000000000e+03 1.389000000000000000e+03 5.859000000000000000e+03 1.387000000000000000e+03 6.172000000000000000e+03
1.055976014070000019e+03 1.413000000000000000e+03 6.101000000000000000e+03 1.403000000000000000e+03 5.817000000000000000e+03 1.403000000000000000e+03 6.142000000000000000e+03
1.056420469279999907e+03 1.398000000000000000e+03 6.080000000000000000e+03 1.402000000000000000e+03 5.764000000000000000e+03 1.407000000000000000e+03 6.052000000000000000e+03
1.056864984750000076e+03 1.419000000000000000e+03 5.995000000000000000e+03 1.417000000000000000e+03 5.710000000000000000e+03 1.416000000000000000e+03 5.983000000000000000e+03
1.057309560480000073e+03 1.382000000000000000e+03 5.966000000000000000e+03 1.408000000000000000e+03 5.666000000000000000e+03 1.407000000000000000e+03 5.951000000000000000e+03
1.057754196469999897e+03 1.419000000000000000e+03 5.898000000000000000e+03 1.418000000000000000e+03 5.629000000000000000e+03 1.425000000000000000e+03 5.913000000000000000e+03
1.058198892720000003e+03 1.418000000000000000e+03 5.832000000000000000e+03 1.408000000000000000e+03 5.557000000000000000e+03 1.425000000000000000e+03 5.834000000000000000e+03
1.058643649229999937e+03 1.428000000000000000e+03 5.776000000000000000e+03 1.436000000000000000e+03 5.539000000000000000e+03 1.442000000000000000e+03 5.749000000000000000e+03
1.059088465999999926e+03 1.417000000000000000e+03 5.673000000000000000e+03 1.414000000000000000e+03 5.452000000000000000e+03 1.420000000000000000e+03 5.706000000000000000e+03
1.059533343029999969e+03 1.403000000000000000e+03 5.659000000000000000e+03 1.408000000000000000e+03 5.387000000000000000e+03 1.420000000000000000e+03 5.710000000000000000e+03
1.059978280320000067e+03 1.407000000000000000e+03 5.553000000000000000e+03 1.415000000000000000e+03 5.344000000000000000e+03 1.423000000000000000e+03 5.616000000000000000e+03
1.060423277869999993e+03 1.396000000000000000e+03 5.528000000000000000e+03 1.409000000000000000e+03 5.239000000000000000e+03 1.408000000000000000e+03 5.549000000000000000e+03
1.060868335679999973e+03 1.399000000000000000e+03 5.453000000000000000e+03 1.403000000000000000e+03 5.223000000000000000e+03 1.405000000000000000e+03 5.441000000000000000e+03
1.061313453750000008e+03 1.422000000000000000e+03 5.402000000000000000e+03 1.416000000000000000e+03 5.155000000000000000e+03 1.427000000000000000e+03 5.408000000000000000e+03
1.061758632080000098e+03 1.445000000000000000e+03 5.374000000000000000e+03 1.449000000000000000e+03 5.125000000000000000e+03 1.449000000000000000e+03 5.378000000000000000e+03
1.062203870670000015e+03 1.406000000000000000e+03 5.303000000000000000e+03 1.413000000000000000e+03 5.046000000000000000e+03 1.412000000000000000e+03 5.284000000000000000e+03
1.062649169519999987e+03 1.417000000000000000e+03 5.253000000000000000e+03 1.422000000000000000e+03 5.047000000000000000e+03 1.421000000000000000e+03 5.253000000000000000e+03
1.063094528630000013e+03 1.415000000000000000e+03 5.193000000000000000e+03 1.418000000000000000e+03 4.938000000000000000e+03 1.424000000000000000e+03 5.213000000000000000e+03
1.063539948000000095e+03 1.417000000000000000e+03 5.164000000000000000e+03 1.419000000000000000e+03 4.920000000000000000e+03 1.426000000000000000e+03 5.176000000000000000e+03
1.063985427630000004e+03 1.401000000000000000e+03 5.092000000000000000e+03 1.408000000000000000e+03 4.873000000000000000e+03 1.404000000000000000e+03 5.097000000000000000e+03
1.064430967519999967e+03 1.417000000000000000e+03 5.077000000000000000e+03 1.418000000000000000e+03 4.827000000000000000e+03 1.404000000000000000e+03 5.051000000000000000e+03
1.064876567669999986e+03 1.434000000000000000e+03 5.049000000000000000e+03 1.456000000000000000e+03 4.818000000000000000e+03 1.435000000000000000e+03 5.034000000000000000e+03
1.065322228079999832e+03 1.411000000000000000e+03 4.956000000000000000e+03 1.420000000000000000e+03 4.767000000000000000e+03 1.426000000000000000e+03 4.982000000000000000e+03
1.065767948749999960e+03 1.422000000000000000e+03 4.937000000000000000e+03 1.422000000000000000e+03 4.725000000000000000e+03 1.438000000000000000e+03 4.941000000000000000e+03
1.066213729679999915e+03 1.412000000000000000e+03 4.897000000000000000e+03 1.420000000000000000e+03 4.694000000000000000e+03 1.413000000000000000e+03 4.925000000000000000e+03
1.066659570869999925e+03 1.433000000000000000e+03 4.869000000000000000e+03 1.430000000000000000e+03 4.678000000000000000e+03 1.434000000000000000e+03 4.864000000000000000e+03
1.067105472319999990e+03 1.390000000000000000e+03 4.768000000000000000e+03 1.375000000000000000e+03 4.567000000000000000e+03 1.388000000000000000e+03 4.814000000000000000e+03
1.067551434029999882e+03 1.384000000000000000e+03 4.749000000000000000e+03 1.390000000000000000e+03 4.528000000000000000e+03 1.391000000000000000e+03 4.763000000000000000e+03
1.067997456000000057e+03 1.382000000000000000e+03 4.716000000000000000e+03 1.390000000000000000e+03 4.471000000000000000e+03 1.394000000000000000e+03 4.680000000000000000e+03
1.068443538230000058e+03 1.401000000000000000e+03 4.676000000000000000e+03 1.400000000000000000e+03 4.488000000000000000e+03 1.404000000000000000e+03 4.676000000000000000e+03
1.068889680719999888e+03 1.421000000000000000e+03 4.656000000000000000e+03 1.430000000000000000e+03 4.502000000000000000e+03 1.435000000000000000e+03 4.641000000000000000e+03
1.069335883469999999e+03 1.431000000000000000e+03 4.600000000000000000e+03 1.429000000000000000e+03 4.432000000000000000e+03 1.430000000000000000e+03 4.628000000000000000e+03
1.069782146479999938e+03 1.402000000000000000e+03 4.551000000000000000e+03 1.407000000000000000e+03 4.329000000000000000e+03 1.409000000000000000e+03 4.519000000000000000e+03
1.070228469749999931e+03 1.401000000000000000e+03 4.509000000000000000e+03 1.413000000000000000e+03 4.353000000000000000e+03 1.406000000000000000e+03 4.529000000000000000e+03
1.070674853279999979e+03 1.402000000000000000e+03 4.482000000000000000e+03 1.398000000000000000e+03 4.301000000000000000e+03 1.409000000000000000e+03 4.494000000000000000e+03
1.071121297070000082e+03 1.406000000000000000e+03 4.422000000000000000e+03 1.411000000000000000e+03 4.270000000000000000e+03 1.416000000000000000e+03 4.450000000000000000e+03
1.071567801120000013e+03 1.417000000000000000e+03 4.419000000000000000e+03 1.428000000000000000e+03 4.246000000000000000e+03 1.426000000000000000e+03 4.424000000000000000e+03
1.072014365429999998e+03 1.417000000000000000e+03 4.397000000000000000e+03 1.432000000000000000e+03 4.221000000000000000e+03 1.428000000000000000e+03 4.390000000000000000e+03
1.072460990000000038e+03 1.385000000000000000e+03 4.353000000000000000e+03 1.393000000000000000e+03 4.133000000000000000e+03 1.399000000000000000e+03 4.325000000000000000e+03
1.072907674829999905e+03 1.411000000000000000e+03 4.347000000000000000e+03 1.423000000000000000e+03 4.150000000000000000e+03 1.416000000000000000e+03 4.337000000000000000e+03
1.073354419920000055e+03 1.397000000000000000e+03 4.252000000000000000e+03 1.407000000000000000e+03 4.085000000000000000e+03 1.402000000000000000e+03 4.298000000000000000e+03
1.073801225270000032e+03 1.406000000000000000e+03 4.224000000000000000e+03 1.414000000000000000e+03 4.069000000000000000e+03 1.417000000000000000e+03 4.222000000000000000e+03
1.074248090880000063e+03 1.404000000000000000e+03 4.202000000000000000e+03 1.415000000000000000e+03 4.035000000000000000e+03 1.406000000000000000e+03 4.199000000000000000e+03
1.074695016749999922e+03 1.392000000000000000e+03 4.174000000000000000e+03 1.402000000000000000e+03 3.998000000000000000e+03 1.407000000000000000e+03 4.187000000000000000e+03
1.075142002880000064e+03 1.405000000000000000e+03 4.133000000000000000e+03 1.412000000000000000e+03 3.937000000000000000e+03 1.420000000000000000e+03 4.139000000000000000e+03
1.075589049270000032e+03 1.417000000000000000e+03 4.139000000000000000e+03 1.418000000000000000e+03 3.971000000000000000e+03 1.423000000000000000e+03 4.083000000000000000e+03
1.076036155920000056e+03 1.416000000000000000e+03 4.111000000000000000e+03 1.421000000000000000e+03 3.916000000000000000e+03 1.419000000000000000e+03 4.088000000000000000e+03
1.076483322829999906e+03 1.425000000000000000e+03 4.057000000000000000e+03 1.425000000000000000e+03 3.916000000000000000e+03 1.431000000000000000e+03 4.047000000000000000e+03
1.076930550000000039e+03 1.406000000000000000e+03 4.024000000000000000e+03 1.411000000000000000e+03 3.899000000000000000e+03 1.418000000000000000e+03 4.044000000000000000e+03
1.077377837430000000e+03 1.394000000000000000e+03 3.973000000000000000e+03 1.402000000000000000e+03 3.838000000000000000e+03 1.400000000000000000e+03 3.978000000000000000e+03
1.077825185120000015e+03 1.400000000000000000e+03 3.980000000000000000e+03 1.401000000000000000e+03 3.835000000000000000e+03 1.406000000000000000e+03 3.972000000000000000e+03
1.078272593070000084e+03 1.438000000000000000e+03 3.979000000000000000e+03 1.443000000000000000e+03 3.827000000000000000e+03 1.447000000000000000e+03 3.974000000000000000e+03
1.078720061279999982e+03 1.406000000000000000e+03 3.913000000000000000e+03 1.410000000000000000e+03 3.751000000000000000e+03 1.419000000000000000e+03 3.891000000000000000e+03
1.079167589750000161e+03 1.396000000000000000e+03 3.847000000000000000e+03 1.396000000000000000e+03 3.691000000000000000e+03 1.400000000000000000e+03 3.864000000000000000e+03
1.079615178480000168e+03 1.402000000000000000e+03 3.819000000000000000e+03 1.406000000000000000e+03 3.709000000000000000e+03 1.411000000000000000e+03 3.845000000000000000e+03
1.080062827470000002e+03 1.390000000000000000e+03 3.781000000000000000e+03 1.396000000000000000e+03 3.667000000000000000e+03 1.400000000000000000e+03 3.808000000000000000e+03
1.080510536719999891e+03 1.418000000000000000e+03 3.763000000000000000e+03 1.420000000000000000e+03 3.657000000000000000e+03 1.423000000000000000e+03 3.789000000000000000e+03
1.080958306230000062e+03 1.400000000000000000e+03 3.725000000000000000e+03 1.408000000000000000e+03 3.580000000000000000e+03 1.411000000000000000e+03 3.743000000000000000e+03
1.081406136000000060e+03 1.419000000000000000e+03 3.730000000000000000e+03 1.423000000000000000e+03 3.575000000000000000e+03 1.437000000000000000e+03 3.719000000000000000e+03
1.081854026029999886e+03 1.396000000000000000e+03 3.690000000000000000e+03 1.407000000000000000e+03 3.536000000000000000e+03 1.415000000000000000e+03 3.685000000000000000e+03
1.082301976319999994e+03 1.445000000000000000e+03 3.683000000000000000e+03 1.435000000000000000e+03 3.534000000000000000e+03 1.435000000000000000e+03 3.678000000000000000e+03
1.082749986869999930e+03 1.432000000000000000e+03 3.662000000000000000e+03 1.429000000000000000e+03 3.523000000000000000e+03 1.434000000000000000e+03 3.649000000000000000e+03
1.083198057679999920e+03 1.431000000000000000e+03 3.626000000000000000e+03 1.428000000000000000e+03 3.496000000000000000e+03 1.427000000000000000e+03 3.625000000000000000e+03
1.083646188749999965e+03 1.413000000000000000e+03 3.590000000000000000e+03 1.420000000000000000e+03 3.450000000000000000e+03 1.424000000000000000e+03 3.567000000000000000e+03
1.084094380080000064e+03 1.406000000000000000e+03 3.543000000000000000e+03 1.410000000000000000e+03 3.421000000000000000e+03 1.408000000000000000e+03 3.541000000000000000e+03
1.084542631669999992e+03 1.413000000000000000e+03 3.526000000000000000e+03 1.413000000000000000e+03 3.403000000000000000e+03 1.415000000000000000e+03 3.531000000000000000e+03
1.084990943519999973e+03 1.419000000000000000e+03 3.495000000000000000e+03 1.409000000000000000e+03 3.387000000000000000e+03 1.421000000000000000e+03 3.497000000000000000e+03
1.085439315630000010e+03 1.385000000000000000e+03 3.510000000000000000e+03 1.397000000000000000e+03 3.325000000000000000e+03 1.401000000000000000e+03 3.494000000000000000e+03
1.085887748000000101e+03 1.423000000000000000e+03 3.447000000000000000e+03 1.424000000000000000e+03 3.364000000000000000e+03 1.420000000000000000e+03 3.492000000000000000e+03
1.086336240630000020e+03 1.386000000000000000e+03 3.394000000000000000e+03 1.397000000000000000e+03 3.301000000000000000e+03 1.401000000000000000e+03 3.423000000000000000e+03
1.086784793519999994e+03 1.397000000000000000e+03 3.433000000000000000e+03 1.410000000000000000e+03 3.276000000000000000e+03 1.397000000000000000e+03 3.410000000000000000e+03
1.087233406670000022e+03 1.408000000000000000e+03 3.402000000000000000e+03 1.412000000000000000e+03 3.262000000000000000e+03 1.416000000000000000e+03 3.374000000000000000e+03
1.087682080079999878e+03 1.377000000000000000e+03 3.328000000000000000e+03 1.405000000000000000e+03 3.234000000000000000e+03 1.391000000000000000e+03 3.309000000000000000e+03
1.088130813750000016e+03 1.390000000000000000e+03 3.323000000000000000e+03 1.395000000000000000e+03 3.196000000000000000e+03 1.410000000000000000e+03 3.300000000000000000e+03
1.088579607679999981e+03 1.390000000000000000e+03 3.278000000000000000e+03 1.395000000000000000e+03 3.187000000000000000e+03 1.392000000000000000e+03 3.289000000000000000e+03
1.089028461870000001e+03 1.416000000000000000e+03 3.271000000000000000e+03 1.415000000000000000e+03 3.192000000000000000e+03 1.419000000000000000e+03 3.321000000000000000e+03
1.089477376320000076e+03 1.415000000000000000e+03 3.266000000000000000e+03 1.421000000000000000e+03 3.151000000000000000e+03 1.423000000000000000e+03 3.279000000000000000e+03
1.089926351029999978e+03 1.422000000000000000e+03 3.245000000000000000e+03 1.423000000000000000e+03 3.124000000000000000e+03 1.416000000000000000e+03 3.260000000000000000e+03
1.090375385999999935e+03 1.406000000000000000e+03 3.240000000000000000e+03 1.419000000000000000e+03 3.125000000000000000e+03 1.421000000000000000e+03 3.233000000000000000e+03
1.090824481229999947e+03 1.424000000000000000e+03 3.238000000000000000e+03 1.436000000000000000e+03 3.126000000000000000e+03 1.433000000000000000e+03 3.226000000000000000e+03
1.091273636720000013e+03 1.422000000000000000e+03 3.186000000000000000e+03 1.430000000000000000e+03 3.082000000000000000e+03 1.427000000000000000e+03 3.201000000000000000e+03
1.091722852469999907e+03 1.396000000000000000e+03 3.166000000000000000e+03 1.410000000000000000e+03 3.044000000000000000e+03 1.405000000000000000e+03 3.154000000000000000e+03
1.092172128480000083e+03 1.407000000000000000e+03 3.147000000000000000e+03 1.414000000000000000e+03 3.028000000000000000e+03 1.422000000000000000e+03 3.149000000000000000e+03
1.092621464750000086e+03 1.428000000000000000e+03 3.128000000000000000e+03 1.430000000000000000e+03 3.026000000000000000e+03 1.430000000000000000e+03 3.118000000000000000e+03
1.093070861280000145e+03 1.410000000000000000e+03 3.092000000000000000e+03 1.420000000000000000e+03 3.016000000000000000e+03 1.409000000000000000e+03 3.113000000000000000e+03
1.093520318070000030e+03 1.415000000000000000e+03 3.095000000000000000e+03 1.422000000000000000e+03 2.994000000000000000e+03 1.407000000000000000e+03 3.097000000000000000e+03
1.093969835119999971e+03 1.426000000000000000e+03 3.106000000000000000e+03 1.433000000000000000e+03 2.984000000000000000e+03 1.437000000000000000e+03 3.083000000000000000e+03
1.094419412429999966e+03 1.418000000000000000e+03 3.050000000000000000e+03 1.425000000000000000e+03 2.967000000000000000e+03 1.433000000000000000e+03 3.070000000000000000e+03
1.094869050000000016e+03 1.411000000000000000e+03 3.027000000000000000e+03 1.427000000000000000e+03 2.971000000000000000e+03 1.431000000000000000e+03 3.025000000000000000e+03
1.095318747829999893e+03 1.414000000000000000e+03 3.006000000000000000e+03 1.422000000000000000e+03 2.911000000000000000e+03 1.413000000000000000e+03 3.005000000000000000e+03
1.095768505920000052e+03 1.398000000000000000e+03 2.962000000000000000e+03 1.415000000000000000e+03 2.898000000000000000e+03 1.410000000000000000e+03 2.989000000000000000e+03
1.096218324270000039e+03 1.391000000000000000e+03 2.921000000000000000e+03 1.390000000000000000e+03 2.857000000000000000e+03 1.389000000000000000e+03 2.946000000000000000e+03
1.096668202880000081e+03 1.406000000000000000e+03 2.936000000000000000e+03 1.404000000000000000e+03 2.844000000000000000e+03 1.415000000000000000e+03 2.926000000000000000e+03
1.097118141749999950e+03 1.413000000000000000e+03 2.909000000000000000e+03 1.420000000000000000e+03 2.823000000000000000e+03 1.430000000000000000e+03 2.941000000000000000e+03
1.097568140880000101e+03 1.399000000000000000e+03 2.894000000000000000e+03 1.411000000000000000e+03 2.819000000000000000e+03 1.409000000000000000e+03 2.899000000000000000e+03
1.098018200270000079e+03 1.413000000000000000e+03 2.898000000000000000e+03 1.422000000000000000e+03 2.803000000000000000e+03 1.425000000000000000e+03 2.908000000000000000e+03
1.098468319920000113e+03 1.389000000000000000e+03 2.843000000000000000e+03 1.402000000000000000e+03 2.751000000000000000e+03 1.401000000000000000e+03 2.845000000000000000e+03
1.098918499829999973e+03 1.414000000000000000e+03 2.855000000000000000e+03 1.418000000000000000e+03 2.787000000000000000e+03 1.425000000000000000e+03 2.853000000000000000e+03
1.099368740000000116e+03 1.383000000000000000e+03 2.794000000000000000e+03 1.403000000000000000e+03 2.727000000000000000e+03 1.392000000000000000e+03 2.817000000000000000e+03
1.099819040430000086e+03 1.390000000000000000e+03 2.788000000000000000e+03 1.411000000000000000e+03 2.720000000000000000e+03 1.406000000000000000e+03 2.807000000000000000e+03
1.100269401120000111e+03 1.442000000000000000e+03 2.804000000000000000e+03 1.438000000000000000e+03 2.736000000000000000e+03 1.446000000000000000e+03 2.826000000000000000e+03
1.100719822069999964e+03 1.420000000000000000e+03 2.810000000000000000e+03 1.433000000000000000e+03 2.717000000000000000e+03 1.429000000000000000e+03 2.811000000000000000e+03
1.101170303280000098e+03 1.411000000000000000e+03 2.768000000000000000e+03 1.424000000000000000e+03 2.705000000000000000e+03 1.428000000000000000e+03 2.786000000000000000e+03
1.101620844750000060e+03 1.429000000000000000e+03 2.754000000000000000e+03 1.431000000000000000e+03 2.679000000000000000e+03 1.436000000000000000e+03 2.768000000000000000e+03
1.102071446479999850e+03 1.410000000000000000e+03 2.734000000000000000e+03 1.406000000000000000e+03 2.655000000000000000e+03 1.417000000000000000e+03 2.730000000000000000e+03
1.102522108469999921e+03 1.412000000000000000e+03 2.720000000000000000e+03 1.412000000000000000e+03 2.643000000000000000e+03 1.407000000000000000e+03 2.722000000000000000e+03
1.102972830720000047e+03 1.415000000000000000e+03 2.677000000000000000e+03 1.411000000000000000e+03 2.644000000000000000e+03 1.418000000000000000e+03 2.696000000000000000e+03
1.103423613230000001e+03 1.433000000000000000e+03 2.699000000000000000e+03 1.428000000000000000e+03 2.607000000000000000e+03 1.425000000000000000e+03 2.696000000000000000e+03
1.103874456000000009e+03 1.418000000000000000e+03 2.677000000000000000e+03 1.414000000000000000e+03 2.596000000000000000e+03 1.409000000000000000e+03 2.680000000000000000e+03
1.104325359030000072e+03 1.397000000000000000e+03 2.674000000000000000e+03 1.415000000000000000e+03 2.602000000000000000e+03 1.410000000000000000e+03 2.662000000000000000e+03
1.104776322319999963e+03 1.393000000000000000e+03 2.617000000000000000e+03 1.393000000000000000e+03 2.560000000000000000e+03 1.397000000000000000e+03 2.643000000000000000e+03
1.105227345869999908e+03 1.413000000000000000e+03 2.630000000000000000e+03 1.411000000000000000e+03 2.566000000000000000e+03 1.412000000000000000e+03 2.648000000000000000e+03
1.105678429679999908e+03 1.442000000000000000e+03 2.622000000000000000e+03 1.442000000000000000e+03 2.592000000000000000e+03 1.449000000000000000e+03 2.648000000000000000e+03
1.106129573749999963e+03 1.431000000000000000e+03 2.629000000000000000e+03 1.435000000000000000e+03 2.560000000000000000e+03 1.436000000000000000e+03 2.610000000000000000e+03
1.106580778080000073e+03 1.433000000000000000e+03 2.586000000000000000e+03 1.440000000000000000e+03 2.525000000000000000e+03 1.432000000000000000e+03 2.603000000000000000e+03
1.107032042670000010e+03 1.421000000000000000e+03 2.576000000000000000e+03 1.424000000000000000e+03 2.518000000000000000e+03 1.421000000000000000e+03 2.586000000000000000e+03
1.107483367520000002e+03 1.425000000000000000e+03 2.563000000000000000e+03 1.431000000000000000e+03 2.497000000000000000e+03 1.432000000000000000e+03 2.577000000000000000e+03
1.107934752630000048e+03 1.436000000000000000e+03 2.550000000000000000e+03 1.446000000000000000e+03 2.498000000000000000e+03 1.449000000000000000e+03 2.566000000000000000e+03
1.108386198000000149e+03 1.404000000000000000e+03 2.540000000000000000e+03 1.412000000000000000e+03 2.448000000000000000e+03 1.408000000000000000e+03 2.533000000000000000e+03
1.108837703630000078e+03 1.401000000000000000e+03 2.509000000000000000e+03 1.415000000000000000e+03 2.448000000000000000e+03 1.411000000000000000e+03 2.530000000000000000e+03
1.109289269519999834e+03 1.423000000000000000e+03 2.496000000000000000e+03 1.431000000000000000e+03 2.452000000000000000e+03 1.443000000000000000e+03 2.527000000000000000e+03
1.109740895669999873e+03 1.413000000000000000e+03 2.485000000000000000e+03 1.418000000000000000e+03 2.426000000000000000e+03 1.428000000000000000e+03 2.490000000000000000e+03
1.110192582079999966e+03 1.419000000000000000e+03 2.464000000000000000e+03 1.430000000000000000e+03 2.426000000000000000e+03 1.440000000000000000e+03 2.492000000000000000e+03
1.110644328749999886e+03 1.420000000000000000e+03 2.486000000000000000e+03 1.428000000000000000e+03 2.424000000000000000e+03 1.433000000000000000e+03 2.483000000000000000e+03
1.111096135679999861e+03 1.442000000000000000e+03 2.488000000000000000e+03 1.447000000000000000e+03 2.423000000000000000e+03 1.452000000000000000e+03 2.499000000000000000e+03
1.111548002869999891e+03 1.421000000000000000e+03 2.449000000000000000e+03 1.423000000000000000e+03 2.383000000000000000e+03 1.427000000000000000e+03 2.459000000000000000e+03
1.111999930319999976e+03 1.431000000000000000e+03 2.429000000000000000e+03 1.436000000000000000e+03 2.387000000000000000e+03 1.439000000000000000e+03 2.471000000000000000e+03
1.112451918029999888e+03 1.401000000000000000e+03 2.413000000000000000e+03 1.411000000000000000e+03 2.346000000000000000e+03 1.421000000000000000e+03 2.414000000000000000e+03
1.112903966000000082e+03 1.399000000000000000e+03 2.383000000000000000e+03 1.407000000000000000e+03 2.329000000000000000e+03 1.416000000000000000e+03 2.377000000000000000e+03
1.113356074230000104e+03 1.413000000000000000e+03 2.376000000000000000e+03 1.425000000000000000e+03 2.328000000000000000e+03 1.422000000000000000e+03 2.406000000000000000e+03
1.113808242719999953e+03 1.416000000000000000e+03 2.354000000000000000e+03 1.421000000000000000e+03 2.298000000000000000e+03 1.431000000000000000e+03 2.377000000000000000e+03
1.114260471470000084e+03 1.461000000000000000e+03 2.405000000000000000e+03 1.477000000000000000e+03 2.355000000000000000e+03 1.470000000000000000e+03 2.412000000000000000e+03
1.114712760480000043e+03 1.454000000000000000e+03 2.391000000000000000e+03 1.454000000000000000e+03 2.343000000000000000e+03 1.450000000000000000e+03 2.374000000000000000e+03
1.115165109750000056e+03 1.436000000000000000e+03 2.364000000000000000e+03 1.435000000000000000e+03 2.293000000000000000e+03 1.441000000000000000e+03 2.336000000000000000e+03
1.115617519280000124e+03 1.430000000000000000e+03 2.335000000000000000e+03 1.439000000000000000e+03 2.297000000000000000e+03 1.435000000000000000e+03 2.337000000000000000e+03
1.116069989070000020e+03 1.417000000000000000e+03 2.320000000000000000e+03 1.424000000000000000e+03 2.284000000000000000e+03 1.431000000000000000e+03 2.335000000000000000e+03
1.116522519119999970e+03 1.409000000000000000e+03 2.292000000000000000e+03 1.416000000000000000e+03 2.248000000000000000e+03 1.421000000000000000e+03 2.289000000000000000e+03
1.116975109429999975e+03 1.434000000000000000e+03 2.296000000000000000e+03 1.425000000000000000e+03 2.239000000000000000e+03 1.434000000000000000e+03 2.298000000000000000e+03
1.117427760000000035e+03 1.415000000000000000e+03 2.277000000000000000e+03 1.419000000000000000e+03 2.202000000000000000e+03 1.418000000000000000e+03 2.286000000000000000e+03
1.117880470829999922e+03 1.407000000000000000e+03 2.258000000000000000e+03 1.411000000000000000e+03 2.216000000000000000e+03 1.415000000000000000e+03 2.270000000000000000e+03
1.118333241919999864e+03 1.407000000000000000e+03 2.244000000000000000e+03 1.415000000000000000e+03 2.209000000000000000e+03 1.411000000000000000e+03 2.245000000000000000e+03
1.118786073270000088e+03 1.426000000000000000e+03 2.245000000000000000e+03 1.417000000000000000e+03 2.197000000000000000e+03 1.425000000000000000e+03 2.247000000000000000e+03
1.119238964879999912e+03 1.415000000000000000e+03 2.241000000000000000e+03 1.427000000000000000e+03 2.178000000000000000e+03 1.422000000000000000e+03 2.235000000000000000e+03
1.119691916750000019e+03 1.429000000000000000e+03 2.216000000000000000e+03 1.425000000000000000e+03 2.189000000000000000e+03 1.439000000000000000e+03 2.215000000000000000e+03
1.120144928879999952e+03 1.447000000000000000e+03 2.229000000000000000e+03 1.446000000000000000e+03 2.196000000000000000e+03 1.456000000000000000e+03 2.243000000000000000e+03
1.120598001269999941e+03 1.438000000000000000e+03 2.215000000000000000e+03 1.442000000000000000e+03 2.166000000000000000e+03 1.446000000000000000e+03 2.211000000000000000e+03
1.121051133919999984e+03 1.399000000000000000e+03 2.184000000000000000e+03 1.398000000000000000e+03 2.124000000000000000e+03 1.412000000000000000e+03 2.192000000000000000e+03
1.121504326830000082e+03 1.429000000000000000e+03 2.192000000000000000e+03 1.429000000000000000e+03 2.134000000000000000e+03 1.428000000000000000e+03 2.193000000000000000e+03
1.121957580000000007e+03 1.408000000000000000e+03 2.161000000000000000e+03 1.399000000000000000e+03 2.098000000000000000e+03 1.411000000000000000e+03 2.153000000000000000e+03
1.122410893429999987e+03 1.420000000000000000e+03 2.141000000000000000e+03 1.427000000000000000e+03 2.096000000000000000e+03 1.434000000000000000e+03 2.167000000000000000e+03
1.122864267120000022e+03 1.410000000000000000e+03 2.133000000000000000e+03 1.408000000000000000e+03 2.088000000000000000e+03 1.413000000000000000e+03 2.133000000000000000e+03
1.123317701070000112e+03 1.420000000000000000e+03 2.129000000000000000e+03 1.419000000000000000e+03 2.099000000000000000e+03 1.431000000000000000e+03 2.117000000000000000e+03
1.123771195280000029e+03 1.399000000000000000e+03 2.110000000000000000e+03 1.402000000000000000e+03 2.056000000000000000e+03 1.406000000000000000e+03 2.108000000000000000e+03
1.124224749750000001e+03 1.386000000000000000e+03 2.081000000000000000e+03 1.389000000000000000e+03 2.032000000000000000e+03 1.396000000000000000e+03 2.104000000000000000e+03
1.124678364480000027e+03 1.396000000000000000e+03 2.093000000000000000e+03 1.412000000000000000e+03 2.033000000000000000e+03 1.409000000000000000e+03 2.081000000000000000e+03
1.125132039469999881e+03 1.425000000000000000e+03 2.090000000000000000e+03 1.420000000000000000e+03 2.041000000000000000e+03 1.420000000000000000e+03 2.082000000000000000e+03
1.125585774720000018e+03 1.411000000000000000e+03 2.056000000000000000e+03 1.417000000000000000e+03 2.022000000000000000e+03 1.409000000000000000e+03 2.056000000000000000e+03
1.126039570229999981e+03 1.434000000000000000e+03 2.076000000000000000e+03 1.441000000000000000e+03 2.038000000000000000e+03 1.441000000000000000e+03 2.100000000000000000e+03
1.126493425999999999e+03 1.432000000000000000e+03 2.082000000000000000e+03 1.434000000000000000e+03 2.038000000000000000e+03 1.444000000000000000e+03 2.058000000000000000e+03
1.126947342030000073e+03 1.451000000000000000e+03 2.070000000000000000e+03 1.446000000000000000e+03 2.032000000000000000e+03 1.447000000000000000e+03 2.075000000000000000e+03
1.127401318319999973e+03 1.412000000000000000e+03 2.034000000000000000e+03 1.406000000000000000e+03 2.006000000000000000e+03 1.413000000000000000e+03 2.040000000000000000e+03
1.127855354869999928e+03 1.411000000000000000e+03 2.022000000000000000e+03 1.414000000000000000e+03 1.983000000000000000e+03 1.409000000000000000e+03 2.029000000000000000e+03
1.128309451679999938e+03 1.401000000000000000e+03 2.019000000000000000e+03 1.411000000000000000e+03 1.967000000000000000e+03 1.409000000000000000e+03 2.003000000000000000e+03
1.128763608750000003e+03 1.434000000000000000e+03 2.037000000000000000e+03 1.435000000000000000e+03 2.000000000000000000e+03 1.436000000000000000e+03 2.043000000000000000e+03
1.129217826080000123e+03 1.429000000000000000e+03 2.008000000000000000e+03 1.424000000000000000e+03 1.993000000000000000e+03 1.435000000000000000e+03 2.018000000000000000e+03
1.129672103670000070e+03 1.405000000000000000e+03 1.986000000000000000e+03 1.413000000000000000e+03 1.957000000000000000e+03 1.411000000000000000e+03 2.021000000000000000e+03
1.130126441520000071e+03 1.401000000000000000e+03 2.000000000000000000e+03 1.401000000000000000e+03 1.974000000000000000e+03 1.419000000000000000e+03 2.010000000000000000e+03
1.130580839630000128e+03 1.414000000000000000e+03 1.989000000000000000e+03 1.412000000000000000e+03 1.958000000000000000e+03 1.415000000000000000e+03 1.990000000000000000e+03
1.131035298000000012e+03 1.404000000000000000e+03 1.954000000000000000e+03 1.410000000000000000e+03 1.945000000000000000e+03 1.405000000000000000e+03 1.979000000000000000e+03
1.131489816629999950e+03 1.388000000000000000e+03 1.932000000000000000e+03 1.379000000000000000e+03 1.908000000000000000e+03 1.390000000000000000e+03 1.933000000000000000e+03
1.131944395519999944e+03 1.387000000000000000e+03 1.926000000000000000e+03 1.386000000000000000e+03 1.909000000000000000e+03 1.396000000000000000e+03 1.942000000000000000e+03
1.132399034669999992e+03 1.418000000000000000e+03 1.968000000000000000e+03 1.422000000000000000e+03 1.914000000000000000e+03 1.421000000000000000e+03 1.954000000000000000e+03
1.132853734079999867e+03 1.417000000000000000e+03 1.957000000000000000e+03 1.415000000000000000e+03 1.916000000000000000e+03 1.427000000000000000e+03 1.950000000000000000e+03
1.133308493750000025e+03 1.403000000000000000e+03 1.914000000000000000e+03 1.389000000000000000e+03 1.895000000000000000e+03 1.405000000000000000e+03 1.933000000000000000e+03
1.133763313680000010e+03 1.402000000000000000e+03 1.912000000000000000e+03 1.403000000000000000e+03 1.876000000000000000e+03 1.407000000000000000e+03 1.917000000000000000e+03
1.134218193870000050e+03 1.440000000000000000e+03 1.945000000000000000e+03 1.440000000000000000e+03 1.909000000000000000e+03 1.444000000000000000e+03 1.930000000000000000e+03
1.134673134319999917e+03 1.407000000000000000e+03 1.897000000000000000e+03 1.405000000000000000e+03 1.873000000000000000e+03 1.415000000000000000e+03 1.905000000000000000e+03
1.135128135030000067e+03 1.435000000000000000e+03 1.933000000000000000e+03 1.447000000000000000e+03 1.897000000000000000e+03 1.446000000000000000e+03 1.936000000000000000e+03
1.135583196000000044e+03 1.408000000000000000e+03 1.888000000000000000e+03 1.414000000000000000e+03 1.879000000000000000e+03 1.425000000000000000e+03 1.892000000000000000e+03
1.136038317230000075e+03 1.434000000000000000e+03 1.911000000000000000e+03 1.437000000000000000e+03 1.886000000000000000e+03 1.443000000000000000e+03 1.913000000000000000e+03
1.136493498719999934e+03 1.432000000000000000e+03 1.892000000000000000e+03 1.438000000000000000e+03 1.863000000000000000e+03 1.433000000000000000e+03 1.879000000000000000e+03
1.136948740470000075e+03 1.428000000000000000e+03 1.871000000000000000e+03 1.422000000000000000e+03 1.857000000000000000e+03 1.426000000000000000e+03 1.908000000000000000e+03
1.137404042480000044e+03 1.397000000000000000e+03 1.859000000000000000e+03 1.402000000000000000e+03 1.820000000000000000e+03 1.417000000000000000e+03 1.841000000000000000e+03
1.137859404750000067e+03 1.437000000000000000e+03 1.890000000000000000e+03 1.450000000000000000e+03 1.858000000000000000e+03 1.449000000000000000e+03 1.902000000000000000e+03
1.138314827280000145e+03 1.417000000000000000e+03 1.856000000000000000e+03 1.428000000000000000e+03 1.841000000000000000e+03 1.432000000000000000e+03 1.879000000000000000e+03
1.138770310070000050e+03 1.431000000000000000e+03 1.868000000000000000e+03 1.440000000000000000e+03 1.850000000000000000e+03 1.437000000000000000e+03 1.886000000000000000e+03
1.139225853120000011e+03 1.413000000000000000e+03 1.837000000000000000e+03 1.415000000000000000e+03 1.818000000000000000e+03 1.411000000000000000e+03 1.839000000000000000e+03
1.139681456430000026e+03 1.439000000000000000e+03 1.873000000000000000e+03 1.445000000000000000e+03 1.836000000000000000e+03 1.439000000000000000e+03 1.878000000000000000e+03
1.140137119999999868e+03 1.440000000000000000e+03 1.854000000000000000e+03 1.433000000000000000e+03 1.826000000000000000e+03 1.437000000000000000e+03 1.851000000000000000e+03
1.140592843829999993e+03 1.429000000000000000e+03 1.835000000000000000e+03 1.428000000000000000e+03 1.821000000000000000e+03 1.430000000000000000e+03 1.828000000000000000e+03
1.141048627919999944e+03 1.488000000000000000e+03 1.891000000000000000e+03 1.491000000000000000e+03 1.871000000000000000e+03 1.490000000000000000e+03 1.899000000000000000e+03
1.141504472269999951e+03 1.427000000000000000e+03 1.818000000000000000e+03 1.434000000000000000e+03 1.795000000000000000e+03 1.436000000000000000e+03 1.832000000000000000e+03
1.141960376880000013e+03 1.442000000000000000e+03 1.823000000000000000e+03 1.443000000000000000e+03 1.808000000000000000e+03 1.442000000000000000e+03 1.846000000000000000e+03
1.142416341749999901e+03 1.433000000000000000e+03 1.814000000000000000e+03 1.438000000000000000e+03 1.794000000000000000e+03 1.440000000000000000e+03 1.831000000000000000e+03
1.142872366880000072e+03 1.410000000000000000e+03 1.788000000000000000e+03 1.421000000000000000e+03 1.764000000000000000e+03 1.411000000000000000e+03 1.792000000000000000e+03
1.143328452270000071e+03 1.412000000000000000e+03 1.793000000000000000e+03 1.419000000000000000e+03 1.772000000000000000e+03 1.420000000000000000e+03 1.808000000000000000e+03
1.143784597920000124e+03 1.417000000000000000e+03 1.796000000000000000e+03 1.423000000000000000e+03 1.775000000000000000e+03 1.426000000000000000e+03 1.806000000000000000e+03
1.144240803830000004e+03 1.418000000000000000e+03 1.795000000000000000e+03 1.427000000000000000e+03 1.760000000000000000e+03 1.425000000000000000e+03 1.790000000000000000e+03
1.144697069999999940e+03 1.420000000000000000e+03 1.781000000000000000e+03 1.423000000000000000e+03 1.753000000000000000e+03 1.421000000000000000e+03 1.772000000000000000e+03
1.145153396429999930e+03 1.420000000000000000e+03 1.776000000000000000e+03 1.413000000000000000e+03 1.743000000000000000e+03 1.431000000000000000e+03 1.763000000000000000e+03
1.145609783119999975e+03 1.422000000000000000e+03 1.770000000000000000e+03 1.424000000000000000e+03 1.754000000000000000e+03 1.434000000000000000e+03 1.770000000000000000e+03
1.146066230070000074e+03 1.440000000000000000e+03 1.791000000000000000e+03 1.437000000000000000e+03 1.748000000000000000e+03 1.443000000000000000e+03 1.783000000000000000e+03
1.146522737280000001e+03 1.435000000000000000e+03 1.771000000000000000e+03 1.433000000000000000e+03 1.752000000000000000e+03 1.449000000000000000e+03 1.782000000000000000e+03
1.146979304749999983e+03 1.421000000000000000e+03 1.752000000000000000e+03 1.417000000000000000e+03 1.739000000000000000e+03 1.425000000000000000e+03 1.747000000000000000e+03
1.147435932480000019e+03 1.404000000000000000e+03 1.724000000000000000e+03 1.413000000000000000e+03 1.719000000000000000e+03 1.410000000000000000e+03 1.730000000000000000e+03
1.147892620469999883e+03 1.423000000000000000e+03 1.737000000000000000e+03 1.428000000000000000e+03 1.726000000000000000e+03 1.428000000000000000e+03 1.747000000000000000e+03
1.148349368720000029e+03 1.404000000000000000e+03 1.728000000000000000e+03 1.427000000000000000e+03 1.712000000000000000e+03 1.425000000000000000e+03 1.737000000000000000e+03
1.148806177230000003e+03 1.411000000000000000e+03 1.721000000000000000e+03 1.407000000000000000e+03 1.698000000000000000e+03 1.411000000000000000e+03 1.728000000000000000e+03
1.149263046000000031e+03 1.407000000000000000e+03 1.725000000000000000e+03 1.425000000000000000e+03 1.709000000000000000e+03 1.421000000000000000e+03 1.722000000000000000e+03
1.149719975029999887e+03 1.401000000000000000e+03 1.701000000000000000e+03 1.405000000000000000e+03 1.684000000000000000e+03 1.402000000000000000e+03 1.691000000000000000e+03
1.150176964320000025e+03 1.401000000000000000e+03 1.684000000000000000e+03 1.403000000000000000e+03 1.682000000000000000e+03 1.397000000000000000e+03 1.709000000000000000e+03
1.150634013869999990e+03 1.433000000000000000e+03 1.734000000000000000e+03 1.435000000000000000e+03 1.712000000000000000e+03 1.447000000000000000e+03 1.743000000000000000e+03
1.151091123680000010e+03 1.400000000000000000e+03 1.683000000000000000e+03 1.400000000000000000e+03 1.669000000000000000e+03 1.409000000000000000e+03 1.693000000000000000e+03
1.151548293750000084e+03 1.396000000000000000e+03 1.685000000000000000e+03 1.398000000000000000e+03 1.658000000000000000e+03 1.404000000000000000e+03 1.682000000000000000e+03
1.152005524079999986e+03 1.427000000000000000e+03 1.708000000000000000e+03 1.435000000000000000e+03 1.697000000000000000e+03 1.425000000000000000e+03 1.714000000000000000e+03
1.152462814669999943e+03 1.423000000000000000e+03 1.692000000000000000e+03 1.427000000000000000e+03 1.696000000000000000e+03 1.422000000000000000e+03 1.711000000000000000e+03
1.152920165519999955e+03 1.414000000000000000e+03 1.677000000000000000e+03 1.420000000000000000e+03 1.658000000000000000e+03 1.408000000000000000e+03 1.692000000000000000e+03
1.153377576630000021e+03 1.406000000000000000e+03 1.682000000000000000e+03 1.417000000000000000e+03 1.661000000000000000e+03 1.421000000000000000e+03 1.686000000000000000e+03
1.153835048000000143e+03 1.402000000000000000e+03 1.670000000000000000e+03 1.410000000000000000e+03 1.647000000000000000e+03 1.410000000000000000e+03 1.672000000000000000e+03
1.154292579629999864e+03 1.420000000000000000e+03 1.668000000000000000e+03 1.415000000000000000e+03 1.650000000000000000e+03 1.407000000000000000e+03 1.677000000000000000e+03
1.154750171519999867e+03 1.403000000000000000e+03 1.678000000000000000e+03 1.413000000000000000e+03 1.646000000000000000e+03 1.413000000000000000e+03 1.670000000000000000e+03
1.155207823669999925e+03 1.403000000000000000e+03 1.660000000000000000e+03 1.408000000000000000e+03 1.656000000000000000e+03 1.407000000000000000e+03 1.654000000000000000e+03
1.155665536080000038e+03 1.416000000000000000e+03 1.662000000000000000e+03 1.413000000000000000e+03 1.654000000000000000e+03 1.430000000000000000e+03 1.658000000000000000e+03
1.156123308749999978e+03 1.411000000000000000e+03 1.645000000000000000e+03 1.413000000000000000e+03 1.627000000000000000e+03 1.421000000000000000e+03 1.672000000000000000e+03
1.156581141679999973e+03 1.381000000000000000e+03 1.620000000000000000e+03 1.384000000000000000e+03 1.605000000000000000e+03 1.381000000000000000e+03 1.626000000000000000e+03
1.157039034870000023e+03 1.403000000000000000e+03 1.635000000000000000e+03 1.408000000000000000e+03 1.627000000000000000e+03 1.412000000000000000e+03 1.642000000000000000e+03
1.157496988319999900e+03 1.422000000000000000e+03 1.657000000000000000e+03 1.418000000000000000e+03 1.638000000000000000e+03 1.417000000000000000e+03 1.663000000000000000e+03
1.157955002030000060e+03 1.380000000000000000e+03 1.606000000000000000e+03 1.388000000000000000e+03 1.588000000000000000e+03 1.386000000000000000e+03 1.625000000000000000e+03
1.158413076000000046e+03 1.408000000000000000e+03 1.646000000000000000e+03 1.415000000000000000e+03 1.609000000000000000e+03 1.420000000000000000e+03 1.640000000000000000e+03
1.158871210230000088e+03 1.413000000000000000e+03 1.653000000000000000e+03 1.426000000000000000e+03 1.633000000000000000e+03 1.425000000000000000e+03 1.636000000000000000e+03
1.159329404719999957e+03 1.412000000000000000e+03 1.629000000000000000e+03 1.418000000000000000e+03 1.599000000000000000e+03 1.413000000000000000e+03 1.632000000000000000e+03
1.159787659470000108e+03 1.411000000000000000e+03 1.630000000000000000e+03 1.416000000000000000e+03 1.620000000000000000e+03 1.428000000000000000e+03 1.631000000000000000e+03
1.160245974480000086e+03 1.420000000000000000e+03 1.627000000000000000e+03 1.425000000000000000e+03 1.613000000000000000e+03 1.431000000000000000e+03 1.644000000000000000e+03
1.160704349750000119e+03 1.434000000000000000e+03 1.653000000000000000e+03 1.458000000000000000e+03 1.636000000000000000e+03 1.439000000000000000e+03 1.650000000000000000e+03
1.161162785279999980e+03 1.396000000000000000e+03 1.593000000000000000e+03 1.404000000000000000e+03 1.587000000000000000e+03 1.396000000000000000e+03 1.602000000000000000e+03
1.161621281069999895e+03 1.409000000000000000e+03 1.607000000000000000e+03 1.415000000000000000e+03 1.594000000000000000e+03 1.424000000000000000e+03 1.611000000000000000e+03
1.162079837119999866e+03 1.406000000000000000e+03 1.598000000000000000e+03 1.404000000000000000e+03 1.595000000000000000e+03 1.412000000000000000e+03 1.614000000000000000e+03
1.162538453429999890e+03 1.413000000000000000e+03 1.593000000000000000e+03 1.415000000000000000e+03 1.583000000000000000e+03 1.425000000000000000e+03 1.599000000000000000e+03
1.162997129999999970e+03 1.439000000000000000e+03 1.625000000000000000e+03 1.438000000000000000e+03 1.611000000000000000e+03 1.439000000000000000e+03 1.626000000000000000e+03
1.163455866829999877e+03 1.417000000000000000e+03 1.601000000000000000e+03 1.422000000000000000e+03 1.586000000000000000e+03 1.414000000000000000e+03 1.595000000000000000e+03
1.163914663920000066e+03 1.440000000000000000e+03 1.623000000000000000e+03 1.447000000000000000e+03 1.620000000000000000e+03 1.436000000000000000e+03 1.628000000000000000e+03
1.164373521270000083e+03 1.405000000000000000e+03 1.571000000000000000e+03 1.394000000000000000e+03 1.568000000000000000e+03 1.393000000000000000e+03 1.578000000000000000e+03
1.164832438879999927e+03 1.420000000000000000e+03 1.590000000000000000e+03 1.426000000000000000e+03 1.598000000000000000e+03 1.433000000000000000e+03 1.604000000000000000e+03
1.165291416750000053e+03 1.408000000000000000e+03 1.580000000000000000e+03 1.416000000000000000e+03 1.573000000000000000e+03 1.408000000000000000e+03 1.592000000000000000e+03
1.165750454880000007e+03 1.398000000000000000e+03 1.556000000000000000e+03 1.405000000000000000e+03 1.560000000000000000e+03 1.406000000000000000e+03 1.581000000000000000e+03
1.166209553270000015e+03 1.426000000000000000e+03 1.592000000000000000e+03 1.435000000000000000e+03 1.586000000000000000e+03 1.429000000000000000e+03 1.614000000000000000e+03
1.166668711920000078e+03 1.405000000000000000e+03 1.580000000000000000e+03 1.414000000000000000e+03 1.563000000000000000e+03 1.413000000000000000e+03 1.579000000000000000e+03
1.167127930829999968e+03 1.422000000000000000e+03 1.586000000000000000e+03 1.409000000000000000e+03 1.559000000000000000e+03 1.417000000000000000e+03 1.586000000000000000e+03
1.167587210000000141e+03 1.418000000000000000e+03 1.573000000000000000e+03 1.414000000000000000e+03 1.559000000000000000e+03 1.434000000000000000e+03 1.573000000000000000e+03
1.168046549430000141e+03 1.426000000000000000e+03 1.568000000000000000e+03 1.429000000000000000e+03 1.565000000000000000e+03 1.443000000000000000e+03 1.601000000000000000e+03
1.168505949119999968e+03 1.428000000000000000e+03 1.569000000000000000e+03 1.417000000000000000e+03 1.569000000000000000e+03 1.432000000000000000e+03 1.574000000000000000e+03
1.168965409069999851e+03 1.442000000000000000e+03 1.591000000000000000e+03 1.450000000000000000e+03 1.591000000000000000e+03 1.451000000000000000e+03 1.598000000000000000e+03
1.169424929280000015e+03 1.429000000000000000e+03 1.576000000000000000e+03 1.433000000000000000e+03 1.564000000000000000e+03 1.428000000000000000e+03 1.577000000000000000e+03
1.169884509750000007e+03 1.441000000000000000e+03 1.600000000000000000e+03 1.439000000000000000e+03 1.577000000000000000e+03 1.441000000000000000e+03 1.585000000000000000e+03
1.170344150480000053e+03 1.428000000000000000e+03 1.572000000000000000e+03 1.422000000000000000e+03 1.563000000000000000e+03 1.437000000000000000e+03 1.584000000000000000e+03
1.170803851469999927e+03 1.444000000000000000e+03 1.583000000000000000e+03 1.445000000000000000e+03 1.582000000000000000e+03 1.457000000000000000e+03 1.596000000000000000e+03
1.171263612720000083e+03 1.420000000000000000e+03 1.557000000000000000e+03 1.426000000000000000e+03 1.548000000000000000e+03 1.429000000000000000e+03 1.568000000000000000e+03
1.171723434230000066e+03 1.417000000000000000e+03 1.550000000000000000e+03 1.430000000000000000e+03 1.551000000000000000e+03 1.424000000000000000e+03 1.561000000000000000e+03
1.172183315999999877e+03 1.442000000000000000e+03 1.575000000000000000e+03 1.447000000000000000e+03 1.581000000000000000e+03 1.456000000000000000e+03 1.590000000000000000e+03
1.172643258029999970e+03 1.418000000000000000e+03 1.551000000000000000e+03 1.421000000000000000e+03 1.559000000000000000e+03 1.424000000000000000e+03 1.544000000000000000e+03
1.173103260319999890e+03 1.409000000000000000e+03 1.551000000000000000e+03 1.428000000000000000e+03 1.537000000000000000e+03 1.421000000000000000e+03 1.558000000000000000e+03
1.173563322870000093e+03 1.416000000000000000e+03 1.539000000000000000e+03 1.419000000000000000e+03 1.520000000000000000e+03 1.421000000000000000e+03 1.551000000000000000e+03
1.174023445680000123e+03 1.424000000000000000e+03 1.543000000000000000e+03 1.434000000000000000e+03 1.538000000000000000e+03 1.424000000000000000e+03 1.544000000000000000e+03
1.174483628749999980e+03 1.451000000000000000e+03 1.574000000000000000e+03 1.448000000000000000e+03 1.561000000000000000e+03 1.454000000000000000e+03 1.581000000000000000e+03
1.174943872080000119e+03 1.389000000000000000e+03 1.507000000000000000e+03 1.399000000000000000e+03 1.502000000000000000e+03 1.403000000000000000e+03 1.527000000000000000e+03
1.175404175670000086e+03 1.460000000000000000e+03 1.583000000000000000e+03 1.466000000000000000e+03 1.571000000000000000e+03 1.462000000000000000e+03 1.581000000000000000e+03
1.175864539520000108e+03 1.418000000000000000e+03 1.520000000000000000e+03 1.422000000000000000e+03 1.532000000000000000e+03 1.424000000000000000e+03 1.535000000000000000e+03
1.176324963629999957e+03 1.409000000000000000e+03 1.516000000000000000e+03 1.403000000000000000e+03 1.515000000000000000e+03 1.420000000000000000e+03 1.518000000000000000e+03
1.176785447999999860e+03 1.419000000000000000e+03 1.527000000000000000e+03 1.426000000000000000e+03 1.518000000000000000e+03 1.428000000000000000e+03 1.542000000000000000e+03
1.177245992630000046e+03 1.432000000000000000e+03 1.540000000000000000e+03 1.435000000000000000e+03 1.527000000000000000e+03 1.443000000000000000e+03 1.559000000000000000e+03
1.177706597520000059e+03 1.415000000000000000e+03 1.517000000000000000e+03 1.417000000000000000e+03 1.526000000000000000e+03 1.429000000000000000e+03 1.534000000000000000e+03
1.178167262669999900e+03 1.437000000000000000e+03 1.550000000000000000e+03 1.437000000000000000e+03 1.532000000000000000e+03 1.440000000000000000e+03 1.554000000000000000e+03
1.178627988080000023e+03 1.456000000000000000e+03 1.558000000000000000e+03 1.458000000000000000e+03 1.553000000000000000e+03 1.469000000000000000e+03 1.565000000000000000e+03
1.179088773749999973e+03 1.417000000000000000e+03 1.522000000000000000e+03 1.423000000000000000e+03 1.511000000000000000e+03 1.430000000000000000e+03 1.527000000000000000e+03
1.179549619679999978e+03 1.420000000000000000e+03 1.522000000000000000e+03 1.424000000000000000e+03 1.509000000000000000e+03 1.422000000000000000e+03 1.520000000000000000e+03
1.180010525870000038e+03 1.409000000000000000e+03 1.514000000000000000e+03 1.420000000000000000e+03 1.508000000000000000e+03 1.419000000000000000e+03 1.537000000000000000e+03
1.180471492319999925e+03 1.435000000000000000e+03 1.525000000000000000e+03 1.442000000000000000e+03 1.517000000000000000e+03 1.431000000000000000e+03 1.540000000000000000e+03
1.180932519030000094e+03 1.430000000000000000e+03 1.520000000000000000e+03 1.444000000000000000e+03 1.522000000000000000e+03 1.439000000000000000e+03 1.523000000000000000e+03
1.181393606000000091e+03 1.453000000000000000e+03 1.537000000000000000e+03 1.464000000000000000e+03 1.545000000000000000e+03 1.453000000000000000e+03 1.555000000000000000e+03
1.181854753229999915e+03 1.427000000000000000e+03 1.512000000000000000e+03 1.421000000000000000e+03 1.508000000000000000e+03 1.430000000000000000e+03 1.520000000000000000e+03
1.182315960720000021e+03 1.421000000000000000e+03 1.507000000000000000e+03 1.433000000000000000e+03 1.514000000000000000e+03 1.425000000000000000e+03 1.516000000000000000e+03
1.182777228469999955e+03 1.434000000000000000e+03 1.536000000000000000e+03 1.446000000000000000e+03 1.516000000000000000e+03 1.446000000000000000e+03 1.535000000000000000e+03
1.183238556479999943e+03 1.441000000000000000e+03 1.520000000000000000e+03 1.441000000000000000e+03 1.516000000000000000e+03 1.438000000000000000e+03 1.538000000000000000e+03
1.183699944749999986e+03 1.431000000000000000e+03 1.521000000000000000e+03 1.437000000000000000e+03 1.518000000000000000e+03 1.426000000000000000e+03 1.527000000000000000e+03
1.184161393279999857e+03 1.425000000000000000e+03 1.506000000000000000e+03 1.425000000000000000e+03 1.502000000000000000e+03 1.424000000000000000e+03 1.503000000000000000e+03
1.184622902070000009e+03 1.424000000000000000e+03 1.513000000000000000e+03 1.428000000000000000e+03 1.489000000000000000e+03 1.424000000000000000e+03 1.518000000000000000e+03
1.185084471119999989e+03 1.399000000000000000e+03 1.486000000000000000e+03 1.414000000000000000e+03 1.483000000000000000e+03 1.407000000000000000e+03 1.490000000000000000e+03
1.185546100430000024e+03 1.428000000000000000e+03 1.510000000000000000e+03 1.436000000000000000e+03 1.511000000000000000e+03 1.430000000000000000e+03 1.532000000000000000e+03
1.186007789999999886e+03 1.410000000000000000e+03 1.484000000000000000e+03 1.420000000000000000e+03 1.487000000000000000e+03 1.414000000000000000e+03 1.498000000000000000e+03
1.186469539830000031e+03 1.436000000000000000e+03 1.522000000000000000e+03 1.446000000000000000e+03 1.515000000000000000e+03 1.447000000000000000e+03 1.532000000000000000e+03
1.186931349920000002e+03 1.444000000000000000e+03 1.521000000000000000e+03 1.442000000000000000e+03 1.518000000000000000e+03 1.449000000000000000e+03 1.526000000000000000e+03
1.187393220270000029e+03 1.421000000000000000e+03 1.504000000000000000e+03 1.430000000000000000e+03 1.508000000000000000e+03 1.425000000000000000e+03 1.507000000000000000e+03
1.187855150880000110e+03 1.429000000000000000e+03 1.504000000000000000e+03 1.428000000000000000e+03 1.507000000000000000e+03 1.440000000000000000e+03 1.520000000000000000e+03
1.188317141750000019e+03 1.452000000000000000e+03 1.524000000000000000e+03 1.451000000000000000e+03 1.520000000000000000e+03 1.452000000000000000e+03 1.529000000000000000e+03
1.188779192879999982e+03 1.434000000000000000e+03 1.509000000000000000e+03 1.440000000000000000e+03 1.508000000000000000e+03 1.443000000000000000e+03 1.511000000000000000e+03
1.189241304270000001e+03 1.442000000000000000e+03 1.512000000000000000e+03 1.443000000000000000e+03 1.521000000000000000e+03 1.452000000000000000e+03 1.508000000000000000e+03
1.189703475920000074e+03 1.442000000000000000e+03 1.518000000000000000e+03 1.445000000000000000e+03 1.511000000000000000e+03 1.449000000000000000e+03 1.527000000000000000e+03
1.190165707829999974e+03 1.442000000000000000e+03 1.508000000000000000e+03 1.442000000000000000e+03 1.513000000000000000e+03 1.450000000000000000e+03 1.519000000000000000e+03
1.190627999999999929e+03 1.427000000000000000e+03 1.502000000000000000e+03 1.437000000000000000e+03 1.515000000000000000e+03 1.444000000000000000e+03 1.508000000000000000e+03
1.191090352429999939e+03 1.436000000000000000e+03 1.504000000000000000e+03 1.451000000000000000e+03 1.504000000000000000e+03 1.443000000000000000e+03 1.525000000000000000e+03
1.191552765120000004e+03 1.445000000000000000e+03 1.497000000000000000e+03 1.451000000000000000e+03 1.504000000000000000e+03 1.444000000000000000e+03 1.522000000000000000e+03
1.192015238069999896e+03 1.400000000000000000e+03 1.476000000000000000e+03 1.406000000000000000e+03 1.476000000000000000e+03 1.411000000000000000e+03 1.477000000000000000e+03
1.192477771279999843e+03 1.436000000000000000e+03 1.499000000000000000e+03 1.447000000000000000e+03 1.499000000000000000e+03 1.447000000000000000e+03 1.508000000000000000e+03
1.192940364750000072e+03 1.424000000000000000e+03 1.501000000000000000e+03 1.443000000000000000e+03 1.505000000000000000e+03 1.434000000000000000e+03 1.505000000000000000e+03
1.193403018479999901e+03 1.452000000000000000e+03 1.515000000000000000e+03 1.453000000000000000e+03 1.513000000000000000e+03 1.454000000000000000e+03 1.525000000000000000e+03
1.193865732470000012e+03 1.432000000000000000e+03 1.503000000000000000e+03 1.437000000000000000e+03 1.489000000000000000e+03 1.438000000000000000e+03 1.494000000000000000e+03
1.194328506719999950e+03 1.426000000000000000e+03 1.500000000000000000e+03 1.436000000000000000e+03 1.499000000000000000e+03 1.437000000000000000e+03 1.497000000000000000e+03
1.194791341229999944e+03 1.421000000000000000e+03 1.496000000000000000e+03 1.420000000000000000e+03 1.484000000000000000e+03 1.428000000000000000e+03 1.499000000000000000e+03
1.195254235999999992e+03 1.420000000000000000e+03 1.487000000000000000e+03 1.415000000000000000e+03 1.477000000000000000e+03 1.418000000000000000e+03 1.491000000000000000e+03
1.195717191030000095e+03 1.437000000000000000e+03 1.514000000000000000e+03 1.445000000000000000e+03 1.512000000000000000e+03 1.451000000000000000e+03 1.517000000000000000e+03
1.196180206320000025e+03 1.434000000000000000e+03 1.491000000000000000e+03 1.429000000000000000e+03 1.494000000000000000e+03 1.441000000000000000e+03 1.501000000000000000e+03
1.196643281870000010e+03 1.442000000000000000e+03 1.505000000000000000e+03 1.440000000000000000e+03 1.500000000000000000e+03 1.450000000000000000e+03 1.519000000000000000e+03
1.197106417680000050e+03 1.450000000000000000e+03 1.505000000000000000e+03 1.446000000000000000e+03 1.515000000000000000e+03 1.455000000000000000e+03 1.519000000000000000e+03
1.197569613749999917e+03 1.451000000000000000e+03 1.503000000000000000e+03 1.449000000000000000e+03 1.506000000000000000e+03 1.451000000000000000e+03 1.507000000000000000e+03
1.198032870080000066e+03 1.418000000000000000e+03 1.485000000000000000e+03 1.416000000000000000e+03 1.478000000000000000e+03 1.426000000000000000e+03 1.489000000000000000e+03
1.198496186670000043e+03 1.439000000000000000e+03 1.501000000000000000e+03 1.449000000000000000e+03 1.497000000000000000e+03 1.445000000000000000e+03 1.513000000000000000e+03
1.198959563520000074e+03 1.440000000000000000e+03 1.502000000000000000e+03 1.442000000000000000e+03 1.501000000000000000e+03 1.446000000000000000e+03 1.504000000000000000e+03
1.199423000629999933e+03 1.436000000000000000e+03 1.508000000000000000e+03 1.448000000000000000e+03 1.503000000000000000e+03 1.431000000000000000e+03 1.512000000000000000e+03
1.199886497999999847e+03 1.430000000000000000e+03 1.488000000000000000e+03 1.434000000000000000e+03 1.489000000000000000e+03 1.429000000000000000e+03 1.500000000000000000e+03
1.200350055630000043e+03 1.463000000000000000e+03 1.509000000000000000e+03 1.447000000000000000e+03 1.497000000000000000e+03 1.446000000000000000e+03 1.522000000000000000e+03
1.200813673520000066e+03 1.418000000000000000e+03 1.474000000000000000e+03 1.412000000000000000e+03 1.476000000000000000e+03 1.427000000000000000e+03 1.498000000000000000e+03
1.201277351669999916e+03 1.426000000000000000e+03 1.479000000000000000e+03 1.430000000000000000e+03 1.479000000000000000e+03 1.428000000000000000e+03 1.492000000000000000e+03
1.201741090080000049e+03 1.432000000000000000e+03 1.476000000000000000e+03 1.428000000000000000e+03 1.489000000000000000e+03 1.431000000000000000e+03 1.481000000000000000e+03
1.202204888750000009e+03 1.412000000000000000e+03 1.476000000000000000e+03 1.420000000000000000e+03 1.479000000000000000e+03 1.410000000000000000e+03 1.470000000000000000e+03
1.202668747680000024e+03 1.435000000000000000e+03 1.502000000000000000e+03 1.443000000000000000e+03 1.496000000000000000e+03 1.444000000000000000e+03 1.517000000000000000e+03
1.203132666870000094e+03 1.417000000000000000e+03 1.487000000000000000e+03 1.431000000000000000e+03 1.482000000000000000e+03 1.437000000000000000e+03 1.499000000000000000e+03
1.203596646319999991e+03 1.434000000000000000e+03 1.494000000000000000e+03 1.433000000000000000e+03 1.486000000000000000e+03 1.447000000000000000e+03 1.506000000000000000e+03
1.204060686029999943e+03 1.427000000000000000e+03 1.491000000000000000e+03 1.435000000000000000e+03 1.489000000000000000e+03 1.439000000000000000e+03 1.495000000000000000e+03
1.204524785999999949e+03 1.419000000000000000e+03 1.479000000000000000e+03 1.426000000000000000e+03 1.475000000000000000e+03 1.434000000000000000e+03 1.489000000000000000e+03
1.204988946230000010e+03 1.419000000000000000e+03 1.484000000000000000e+03 1.422000000000000000e+03 1.477000000000000000e+03 1.427000000000000000e+03 1.488000000000000000e+03
1.205453166720000127e+03 1.402000000000000000e+03 1.457000000000000000e+03 1.402000000000000000e+03 1.458000000000000000e+03 1.406000000000000000e+03 1.460000000000000000e+03
1.205917447470000070e+03 1.440000000000000000e+03 1.489000000000000000e+03 1.446000000000000000e+03 1.496000000000000000e+03 1.443000000000000000e+03 1.504000000000000000e+03
1.206381788480000068e+03 1.437000000000000000e+03 1.494000000000000000e+03 1.440000000000000000e+03 1.499000000000000000e+03 1.435000000000000000e+03 1.503000000000000000e+03
1.206846189749999894e+03 1.429000000000000000e+03 1.493000000000000000e+03 1.441000000000000000e+03 1.500000000000000000e+03 1.449000000000000000e+03 1.498000000000000000e+03
1.207310651280000002e+03 1.425000000000000000e+03 1.494000000000000000e+03 1.444000000000000000e+03 1.494000000000000000e+03 1.437000000000000000e+03 1.491000000000000000e+03
1.207775173069999937e+03 1.434000000000000000e+03 1.490000000000000000e+03 1.436000000000000000e+03 1.487000000000000000e+03 1.449000000000000000e+03 1.494000000000000000e+03
1.208239755119999927e+03 1.447000000000000000e+03 1.499000000000000000e+03 1.445000000000000000e+03 1.509000000000000000e+03 1.453000000000000000e+03 1.510000000000000000e+03
1.208704397429999972e+03 1.433000000000000000e+03 1.499000000000000000e+03 1.443000000000000000e+03 1.491000000000000000e+03 1.443000000000000000e+03 1.502000000000000000e+03
1.209169100000000071e+03 1.432000000000000000e+03 1.478000000000000000e+03 1.423000000000000000e+03 1.476000000000000000e+03 1.430000000000000000e+03 1.488000000000000000e+03
1.209633862829999998e+03 1.411000000000000000e+03 1.463000000000000000e+03 1.414000000000000000e+03 1.473000000000000000e+03 1.420000000000000000e+03 1.475000000000000000e+03
1.210098685919999980e+03 1.414000000000000000e+03 1.462000000000000000e+03 1.416000000000000000e+03 1.476000000000000000e+03 1.421000000000000000e+03 1.487000000000000000e+03
1.210563569270000016e+03 1.434000000000000000e+03 1.486000000000000000e+03 1.432000000000000000e+03 1.491000000000000000e+03 1.433000000000000000e+03 1.492000000000000000e+03
1.211028512880000108e+03 1.414000000000000000e+03 1.474000000000000000e+03 1.418000000000000000e+03 1.475000000000000000e+03 1.425000000000000000e+03 1.490000000000000000e+03
1.211493516750000026e+03 1.428000000000000000e+03 1.495000000000000000e+03 1.443000000000000000e+03 1.487000000000000000e+03 1.444000000000000000e+03 1.503000000000000000e+03
1.211958580880000000e+03 1.424000000000000000e+03 1.472000000000000000e+03 1.428000000000000000e+03 1.477000000000000000e+03 1.426000000000000000e+03 1.493000000000000000e+03
1.212423705270000028e+03 1.448000000000000000e+03 1.503000000000000000e+03 1.446000000000000000e+03 1.489000000000000000e+03 1.446000000000000000e+03 1.510000000000000000e+03
1.212888889920000111e+03 1.415000000000000000e+03 1.466000000000000000e+03 1.429000000000000000e+03 1.478000000000000000e+03 1.423000000000000000e+03 1.471000000000000000e+03
1.213354134830000021e+03 1.415000000000000000e+03 1.463000000000000000e+03 1.421000000000000000e+03 1.472000000000000000e+03 1.420000000000000000e+03 1.480000000000000000e+03
1.213819439999999986e+03 1.426000000000000000e+03 1.479000000000000000e+03 1.428000000000000000e+03 1.480000000000000000e+03 1.432000000000000000e+03 1.496000000000000000e+03
1.214284805430000006e+03 1.428000000000000000e+03 1.475000000000000000e+03 1.425000000000000000e+03 1.481000000000000000e+03 1.431000000000000000e+03 1.490000000000000000e+03
1.214750231119999853e+03 1.424000000000000000e+03 1.483000000000000000e+03 1.433000000000000000e+03 1.485000000000000000e+03 1.430000000000000000e+03 1.486000000000000000e+03
1.215215717069999982e+03 1.426000000000000000e+03 1.479000000000000000e+03 1.440000000000000000e+03 1.476000000000000000e+03 1.432000000000000000e+03 1.492000000000000000e+03
1.215681263279999939e+03 1.420000000000000000e+03 1.475000000000000000e+03 1.433000000000000000e+03 1.478000000000000000e+03 1.434000000000000000e+03 1.481000000000000000e+03
1.216146869749999951e+03 1.425000000000000000e+03 1.487000000000000000e+03 1.438000000000000000e+03 1.490000000000000000e+03 1.434000000000000000e+03 1.492000000000000000e+03
1.216612536480000017e+03 1.418000000000000000e+03 1.470000000000000000e+03 1.426000000000000000e+03 1.475000000000000000e+03 1.419000000000000000e+03 1.480000000000000000e+03
1.217078263469999911e+03 1.412000000000000000e+03 1.471000000000000000e+03 1.430000000000000000e+03 1.467000000000000000e+03 1.427000000000000000e+03 1.482000000000000000e+03
1.217544050720000087e+03 1.448000000000000000e+03 1.494000000000000000e+03 1.454000000000000000e+03 1.505000000000000000e+03 1.457000000000000000e+03 1.506000000000000000e+03
1.218009898230000090e+03 1.416000000000000000e+03 1.471000000000000000e+03 1.426000000000000000e+03 1.477000000000000000e+03 1.426000000000000000e+03 1.478000000000000000e+03
1.218475805999999920e+03 1.422000000000000000e+03 1.475000000000000000e+03 1.426000000000000000e+03 1.470000000000000000e+03 1.427000000000000000e+03 1.497000000000000000e+03
1.218941774030000033e+03 1.434000000000000000e+03 1.483000000000000000e+03 1.440000000000000000e+03 1.483000000000000000e+03 1.446000000000000000e+03 1.499000000000000000e+03
1.219407802319999973e+03 1.428000000000000000e+03 1.474000000000000000e+03 1.425000000000000000e+03 1.477000000000000000e+03 1.425000000000000000e+03 1.481000000000000000e+03
1.219873890869999968e+03 1.425000000000000000e+03 1.477000000000000000e+03 1.430000000000000000e+03 1.477000000000000000e+03 1.429000000000000000e+03 1.486000000000000000e+03
1.220340039680000018e+03 1.419000000000000000e+03 1.482000000000000000e+03 1.436000000000000000e+03 1.477000000000000000e+03 1.433000000000000000e+03 1.491000000000000000e+03
1.220806248750000123e+03 1.437000000000000000e+03 1.501000000000000000e+03 1.445000000000000000e+03 1.496000000000000000e+03 1.456000000000000000e+03 1.507000000000000000e+03
1.221272518080000054e+03 1.437000000000000000e+03 1.494000000000000000e+03 1.441000000000000000e+03 1.495000000000000000e+03 1.446000000000000000e+03 1.495000000000000000e+03
1.221738847670000041e+03 1.444000000000000000e+03 1.491000000000000000e+03 1.449000000000000000e+03 1.490000000000000000e+03 1.450000000000000000e+03 1.501000000000000000e+03
1.222205237519999855e+03 1.449000000000000000e+03 1.494000000000000000e+03 1.446000000000000000e+03 1.499000000000000000e+03 1.449000000000000000e+03 1.496000000000000000e+03
1.222671687629999951e+03 1.434000000000000000e+03 1.485000000000000000e+03 1.441000000000000000e+03 1.488000000000000000e+03 1.449000000000000000e+03 1.494000000000000000e+03
1.223138197999999875e+03 1.438000000000000000e+03 1.473000000000000000e+03 1.438000000000000000e+03 1.472000000000000000e+03 1.430000000000000000e+03 1.494000000000000000e+03
1.223604768629999853e+03 1.445000000000000000e+03 1.483000000000000000e+03 1.449000000000000000e+03 1.492000000000000000e+03 1.436000000000000000e+03 1.497000000000000000e+03
1.224071399519999886e+03 1.450000000000000000e+03 1.491000000000000000e+03 1.460000000000000000e+03 1.492000000000000000e+03 1.450000000000000000e+03 1.509000000000000000e+03
1.224538090669999974e+03 1.464000000000000000e+03 1.506000000000000000e+03 1.465000000000000000e+03 1.521000000000000000e+03 1.474000000000000000e+03 1.540000000000000000e+03
1.225004842079999889e+03 1.436000000000000000e+03 1.483000000000000000e+03 1.437000000000000000e+03 1.479000000000000000e+03 1.437000000000000000e+03 1.484000000000000000e+03
1.225471653750000087e+03 1.442000000000000000e+03 1.485000000000000000e+03 1.436000000000000000e+03 1.496000000000000000e+03 1.446000000000000000e+03 1.501000000000000000e+03
1.225938525679999884e+03 1.431000000000000000e+03 1.493000000000000000e+03 1.451000000000000000e+03 1.481000000000000000e+03 1.434000000000000000e+03 1.488000000000000000e+03
1.226405457869999964e+03 1.447000000000000000e+03 1.505000000000000000e+03 1.458000000000000000e+03 1.506000000000000000e+03 1.465000000000000000e+03 1.519000000000000000e+03
1.226872450320000098e+03 1.424000000000000000e+03 1.464000000000000000e+03 1.423000000000000000e+03 1.477000000000000000e+03 1.439000000000000000e+03 1.477000000000000000e+03
1.227339503030000060e+03 1.448000000000000000e+03 1.485000000000000000e+03 1.442000000000000000e+03 1.496000000000000000e+03 1.456000000000000000e+03 1.510000000000000000e+03
1.227806616000000076e+03 1.446000000000000000e+03 1.505000000000000000e+03 1.455000000000000000e+03 1.506000000000000000e+03 1.457000000000000000e+03 1.511000000000000000e+03
1.228273789229999920e+03 1.443000000000000000e+03 1.497000000000000000e+03 1.449000000000000000e+03 1.488000000000000000e+03 1.446000000000000000e+03 1.502000000000000000e+03
1.228741022720000046e+03 1.436000000000000000e+03 1.482000000000000000e+03 1.435000000000000000e+03 1.472000000000000000e+03 1.431000000000000000e+03 1.487000000000000000e+03
1.229208316470000000e+03 1.446000000000000000e+03 1.495000000000000000e+03 1.458000000000000000e+03 1.501000000000000000e+03 1.457000000000000000e+03 1.513000000000000000e+03
1.229675670480000008e+03 1.415000000000000000e+03 1.481000000000000000e+03 1.415000000000000000e+03 1.473000000000000000e+03 1.418000000000000000e+03 1.481000000000000000e+03
1.230143084749999844e+03 1.448000000000000000e+03 1.501000000000000000e+03 1.455000000000000000e+03 1.495000000000000000e+03 1.455000000000000000e+03 1.489000000000000000e+03
1.230610559279999961e+03 1.423000000000000000e+03 1.468000000000000000e+03 1.424000000000000000e+03 1.464000000000000000e+03 1.421000000000000000e+03 1.476000000000000000e+03
1.231078094069999906e+03 1.409000000000000000e+03 1.458000000000000000e+03 1.412000000000000000e+03 1.462000000000000000e+03 1.411000000000000000e+03 1.473000000000000000e+03
1.231545689119999906e+03 1.428000000000000000e+03 1.484000000000000000e+03 1.430000000000000000e+03 1.482000000000000000e+03 1.429000000000000000e+03 1.495000000000000000e+03
1.232013344429999961e+03 1.408000000000000000e+03 1.461000000000000000e+03 1.407000000000000000e+03 1.459000000000000000e+03 1.414000000000000000e+03 1.476000000000000000e+03
1.232481060000000070e+03 1.447000000000000000e+03 1.509000000000000000e+03 1.462000000000000000e+03 1.495000000000000000e+03 1.458000000000000000e+03 1.522000000000000000e+03
1.232948835830000007e+03 1.437000000000000000e+03 1.488000000000000000e+03 1.445000000000000000e+03 1.489000000000000000e+03 1.444000000000000000e+03 1.502000000000000000e+03
1.233416671919999999e+03 1.399000000000000000e+03 1.458000000000000000e+03 1.407000000000000000e+03 1.446000000000000000e+03 1.409000000000000000e+03 1.461000000000000000e+03
1.233884568270000045e+03 1.431000000000000000e+03 1.484000000000000000e+03 1.428000000000000000e+03 1.483000000000000000e+03 1.432000000000000000e+03 1.489000000000000000e+03
1.234352524879999919e+03 1.414000000000000000e+03 1.467000000000000000e+03 1.428000000000000000e+03 1.460000000000000000e+03 1.422000000000000000e+03 1.475000000000000000e+03
1.234820541750000075e+03 1.435000000000000000e+03 1.492000000000000000e+03 1.427000000000000000e+03 1.479000000000000000e+03 1.436000000000000000e+03 1.483000000000000000e+03
1.235288618880000058e+03 1.436000000000000000e+03 1.474000000000000000e+03 1.434000000000000000e+03 1.475000000000000000e+03 1.434000000000000000e+03 1.487000000000000000e+03
1.235756756270000096e+03 1.465000000000000000e+03 1.517000000000000000e+03 1.463000000000000000e+03 1.515000000000000000e+03 1.470000000000000000e+03 1.518000000000000000e+03
1.236224953919999962e+03 1.426000000000000000e+03 1.479000000000000000e+03 1.434000000000000000e+03 1.481000000000000000e+03 1.425000000000000000e+03 1.483000000000000000e+03
1.236693211830000109e+03 1.431000000000000000e+03 1.489000000000000000e+03 1.434000000000000000e+03 1.482000000000000000e+03 1.434000000000000000e+03 1.493000000000000000e+03
1.237161530000000084e+03 1.402000000000000000e+03 1.453000000000000000e+03 1.409000000000000000e+03 1.459000000000000000e+03 1.425000000000000000e+03 1.465000000000000000e+03
1.237629908429999887e+03 1.436000000000000000e+03 1.490000000000000000e+03 1.438000000000000000e+03 1.494000000000000000e+03 1.444000000000000000e+03 1.489000000000000000e+03
1.238098347119999971e+03 1.404000000000000000e+03 1.472000000000000000e+03 1.427000000000000000e+03 1.468000000000000000e+03 1.424000000000000000e+03 1.475000000000000000e+03
1.238566846069999883e+03 1.426000000000000000e+03 1.477000000000000000e+03 1.432000000000000000e+03 1.474000000000000000e+03 1.438000000000000000e+03 1.495000000000000000e+03
1.239035405279999850e+03 1.439000000000000000e+03 1.480000000000000000e+03 1.431000000000000000e+03 1.478000000000000000e+03 1.438000000000000000e+03 1.495000000000000000e+03
1.239504024749999871e+03 1.435000000000000000e+03 1.484000000000000000e+03 1.445000000000000000e+03 1.486000000000000000e+03 1.437000000000000000e+03 1.500000000000000000e+03
1.239972704479999948e+03 1.416000000000000000e+03 1.472000000000000000e+03 1.423000000000000000e+03 1.478000000000000000e+03 1.430000000000000000e+03 1.481000000000000000e+03
1.240441444470000079e+03 1.421000000000000000e+03 1.472000000000000000e+03 1.422000000000000000e+03 1.464000000000000000e+03 1.428000000000000000e+03 1.485000000000000000e+03
1.240910244720000037e+03 1.411000000000000000e+03 1.475000000000000000e+03 1.418000000000000000e+03 1.463000000000000000e+03 1.415000000000000000e+03 1.475000000000000000e+03
1.241379105230000050e+03 1.443000000000000000e+03 1.484000000000000000e+03 1.439000000000000000e+03 1.491000000000000000e+03 1.452000000000000000e+03 1.501000000000000000e+03
1.241848026000000118e+03 1.417000000000000000e+03 1.474000000000000000e+03 1.428000000000000000e+03 1.478000000000000000e+03 1.432000000000000000e+03 1.484000000000000000e+03
1.242317007030000013e+03 1.440000000000000000e+03 1.494000000000000000e+03 1.443000000000000000e+03 1.484000000000000000e+03 1.440000000000000000e+03 1.500000000000000000e+03
1.242786048319999963e+03 1.423000000000000000e+03 1.474000000000000000e+03 1.424000000000000000e+03 1.463000000000000000e+03 1.422000000000000000e+03 1.481000000000000000e+03
1.243255149869999968e+03 1.430000000000000000e+03 1.470000000000000000e+03 1.431000000000000000e+03 1.467000000000000000e+03 1.427000000000000000e+03 1.479000000000000000e+03
1.243724311680000028e+03 1.435000000000000000e+03 1.479000000000000000e+03 1.430000000000000000e+03 1.478000000000000000e+03 1.435000000000000000e+03 1.483000000000000000e+03
1.244193533750000142e+03 1.449000000000000000e+03 1.494000000000000000e+03 1.456000000000000000e+03 1.490000000000000000e+03 1.458000000000000000e+03 1.498000000000000000e+03
1.244662816080000084e+03 1.428000000000000000e+03 1.467000000000000000e+03 1.430000000000000000e+03 1.470000000000000000e+03 1.424000000000000000e+03 1.474000000000000000e+03
1.245132158669999853e+03 1.434000000000000000e+03 1.484000000000000000e+03 1.437000000000000000e+03 1.488000000000000000e+03 1.448000000000000000e+03 1.495000000000000000e+03
1.245601561519999905e+03 1.411000000000000000e+03 1.467000000000000000e+03 1.416000000000000000e+03 1.464000000000000000e+03 1.425000000000000000e+03 1.480000000000000000e+03
1.246071024630000011e+03 1.443000000000000000e+03 1.491000000000000000e+03 1.452000000000000000e+03 1.489000000000000000e+03 1.446000000000000000e+03 1.496000000000000000e+03
1.246540547999999944e+03 1.421000000000000000e+03 1.477000000000000000e+03 1.427000000000000000e+03 1.459000000000000000e+03 1.420000000000000000e+03 1.473000000000000000e+03
1.247010131629999933e+03 1.387000000000000000e+03 1.442000000000000000e+03 1.402000000000000000e+03 1.443000000000000000e+03 1.404000000000000000e+03 1.448000000000000000e+03
1.247479775519999976e+03 1.444000000000000000e+03 1.499000000000000000e+03 1.444000000000000000e+03 1.492000000000000000e+03 1.444000000000000000e+03 1.502000000000000000e+03
1.247949479670000073e+03 1.415000000000000000e+03 1.486000000000000000e+03 1.433000000000000000e+03 1.472000000000000000e+03 1.435000000000000000e+03 1.476000000000000000e+03
1.248419244079999999e+03 1.419000000000000000e+03 1.475000000000000000e+03 1.427000000000000000e+03 1.474000000000000000e+03 1.426000000000000000e+03 1.476000000000000000e+03
1.248889068749999979e+03 1.428000000000000000e+03 1.477000000000000000e+03 1.431000000000000000e+03 1.476000000000000000e+03 1.423000000000000000e+03 1.493000000000000000e+03
1.249358953680000013e+03 1.420000000000000000e+03 1.476000000000000000e+03 1.429000000000000000e+03 1.478000000000000000e+03 1.429000000000000000e+03 1.479000000000000000e+03
1.249828898870000103e+03 1.429000000000000000e+03 1.479000000000000000e+03 1.428000000000000000e+03 1.473000000000000000e+03 1.431000000000000000e+03 1.485000000000000000e+03
1.250298904320000020e+03 1.416000000000000000e+03 1.496000000000000000e+03 1.432000000000000000e+03 1.462000000000000000e+03 1.424000000000000000e+03 1.474000000000000000e+03
1.250768970029999991e+03 1.422000000000000000e+03 1.479000000000000000e+03 1.432000000000000000e+03 1.466000000000000000e+03 1.425000000000000000e+03 1.490000000000000000e+03
1.251239096000000018e+03 1.431000000000000000e+03 1.487000000000000000e+03 1.430000000000000000e+03 1.491000000000000000e+03 1.434000000000000000e+03 1.487000000000000000e+03
1.251709282230000099e+03 1.440000000000000000e+03 1.506000000000000000e+03 1.448000000000000000e+03 1.506000000000000000e+03 1.441000000000000000e+03 1.507000000000000000e+03
1.252179528720000008e+03 1.413000000000000000e+03 1.488000000000000000e+03 1.426000000000000000e+03 1.482000000000000000e+03 1.421000000000000000e+03 1.505000000000000000e+03
1.252649835469999971e+03 1.409000000000000000e+03 1.470000000000000000e+03 1.413000000000000000e+03 1.471000000000000000e+03 1.412000000000000000e+03 1.472000000000000000e+03
1.253120202479999989e+03 1.413000000000000000e+03 1.470000000000000000e+03 1.421000000000000000e+03 1.473000000000000000e+03 1.414000000000000000e+03 1.474000000000000000e+03
1.253590629750000062e+03 1.429000000000000000e+03 1.497000000000000000e+03 1.434000000000000000e+03 1.498000000000000000e+03 1.433000000000000000e+03 1.505000000000000000e+03
1.254061117279999962e+03 1.427000000000000000e+03 1.499000000000000000e+03 1.432000000000000000e+03 1.485000000000000000e+03 1.428000000000000000e+03 1.497000000000000000e+03
1.254531665069999917e+03 1.446000000000000000e+03 1.510000000000000000e+03 1.446000000000000000e+03 1.499000000000000000e+03 1.446000000000000000e+03 1.513000000000000000e+03
1.255002273119999927e+03 1.421000000000000000e+03 1.487000000000000000e+03 1.436000000000000000e+03 1.496000000000000000e+03 1.428000000000000000e+03 1.496000000000000000e+03
1.255472941429999992e+03 1.433000000000000000e+03 1.508000000000000000e+03 1.439000000000000000e+03 1.511000000000000000e+03 1.445000000000000000e+03 1.526000000000000000e+03
1.255943669999999884e+03 1.442000000000000000e+03 1.506000000000000000e+03 1.429000000000000000e+03 1.501000000000000000e+03 1.438000000000000000e+03 1.523000000000000000e+03
1.256414458830000058e+03 1.437000000000000000e+03 1.513000000000000000e+03 1.433000000000000000e+03 1.504000000000000000e+03 1.443000000000000000e+03 1.530000000000000000e+03
1.256885307920000059e+03 1.404000000000000000e+03 1.498000000000000000e+03 1.415000000000000000e+03 1.491000000000000000e+03 1.415000000000000000e+03 1.515000000000000000e+03
1.257356217270000116e+03 1.438000000000000000e+03 1.534000000000000000e+03 1.441000000000000000e+03 1.528000000000000000e+03 1.454000000000000000e+03 1.550000000000000000e+03
1.257827186879999999e+03 1.432000000000000000e+03 1.528000000000000000e+03 1.433000000000000000e+03 1.525000000000000000e+03 1.437000000000000000e+03 1.530000000000000000e+03
1.258298216749999938e+03 1.417000000000000000e+03 1.524000000000000000e+03 1.423000000000000000e+03 1.519000000000000000e+03 1.426000000000000000e+03 1.539000000000000000e+03
1.258769306879999931e+03 1.425000000000000000e+03 1.531000000000000000e+03 1.427000000000000000e+03 1.521000000000000000e+03 1.427000000000000000e+03 1.549000000000000000e+03
1.259240457269999979e+03 1.414000000000000000e+03 1.524000000000000000e+03 1.413000000000000000e+03 1.515000000000000000e+03 1.421000000000000000e+03 1.539000000000000000e+03
1.259711667920000082e+03 1.411000000000000000e+03 1.542000000000000000e+03 1.422000000000000000e+03 1.516000000000000000e+03 1.425000000000000000e+03 1.551000000000000000e+03
1.260182938830000012e+03 1.451000000000000000e+03 1.576000000000000000e+03 1.441000000000000000e+03 1.563000000000000000e+03 1.452000000000000000e+03 1.571000000000000000e+03
1.260654269999999997e+03 1.408000000000000000e+03 1.531000000000000000e+03 1.410000000000000000e+03 1.530000000000000000e+03 1.412000000000000000e+03 1.537000000000000000e+03
1.261125661430000036e+03 1.433000000000000000e+03 1.565000000000000000e+03 1.431000000000000000e+03 1.544000000000000000e+03 1.429000000000000000e+03 1.573000000000000000e+03
1.261597113119999904e+03 1.450000000000000000e+03 1.584000000000000000e+03 1.455000000000000000e+03 1.568000000000000000e+03 1.448000000000000000e+03 1.602000000000000000e+03
1.262068625070000053e+03 1.411000000000000000e+03 1.557000000000000000e+03 1.412000000000000000e+03 1.548000000000000000e+03 1.419000000000000000e+03 1.564000000000000000e+03
1.262540197280000029e+03 1.408000000000000000e+03 1.563000000000000000e+03 1.416000000000000000e+03 1.560000000000000000e+03 1.414000000000000000e+03 1.567000000000000000e+03
1.263011829750000061e+03 1.414000000000000000e+03 1.567000000000000000e+03 1.420000000000000000e+03 1.554000000000000000e+03 1.423000000000000000e+03 1.584000000000000000e+03
1.263483522479999920e+03 1.420000000000000000e+03 1.583000000000000000e+03 1.422000000000000000e+03 1.548000000000000000e+03 1.415000000000000000e+03 1.582000000000000000e+03
1.263955275470000061e+03 1.431000000000000000e+03 1.586000000000000000e+03 1.438000000000000000e+03 1.569000000000000000e+03 1.439000000000000000e+03 1.581000000000000000e+03
1.264427088720000029e+03 1.421000000000000000e+03 1.588000000000000000e+03 1.427000000000000000e+03 1.554000000000000000e+03 1.432000000000000000e+03 1.580000000000000000e+03
1.264898962230000052e+03 1.420000000000000000e+03 1.597000000000000000e+03 1.439000000000000000e+03 1.580000000000000000e+03 1.440000000000000000e+03 1.603000000000000000e+03
1.265370895999999902e+03 1.405000000000000000e+03 1.556000000000000000e+03 1.425000000000000000e+03 1.543000000000000000e+03 1.423000000000000000e+03 1.584000000000000000e+03
1.265842890030000035e+03 1.421000000000000000e+03 1.584000000000000000e+03 1.423000000000000000e+03 1.571000000000000000e+03 1.428000000000000000e+03 1.583000000000000000e+03
1.266314944319999995e+03 1.428000000000000000e+03 1.611000000000000000e+03 1.435000000000000000e+03 1.574000000000000000e+03 1.443000000000000000e+03 1.611000000000000000e+03
1.266787058870000010e+03 1.420000000000000000e+03 1.584000000000000000e+03 1.426000000000000000e+03 1.575000000000000000e+03 1.427000000000000000e+03 1.593000000000000000e+03
1.267259233680000079e+03 1.436000000000000000e+03 1.625000000000000000e+03 1.435000000000000000e+03 1.583000000000000000e+03 1.434000000000000000e+03 1.620000000000000000e+03
1.267731468749999976e+03 1.418000000000000000e+03 1.588000000000000000e+03 1.421000000000000000e+03 1.569000000000000000e+03 1.418000000000000000e+03 1.585000000000000000e+03
1.268203764079999928e+03 1.438000000000000000e+03 1.607000000000000000e+03 1.445000000000000000e+03 1.593000000000000000e+03 1.444000000000000000e+03 1.619000000000000000e+03
1.268676119669999935e+03 1.437000000000000000e+03 1.607000000000000000e+03 1.424000000000000000e+03 1.585000000000000000e+03 1.441000000000000000e+03 1.598000000000000000e+03
1.269148535519999996e+03 1.452000000000000000e+03 1.631000000000000000e+03 1.451000000000000000e+03 1.599000000000000000e+03 1.457000000000000000e+03 1.637000000000000000e+03
1.269621011629999884e+03 1.447000000000000000e+03 1.606000000000000000e+03 1.446000000000000000e+03 1.597000000000000000e+03 1.448000000000000000e+03 1.622000000000000000e+03
1.270093548000000055e+03 1.418000000000000000e+03 1.573000000000000000e+03 1.427000000000000000e+03 1.559000000000000000e+03 1.422000000000000000e+03 1.574000000000000000e+03
1.270566144630000053e+03 1.437000000000000000e+03 1.600000000000000000e+03 1.445000000000000000e+03 1.573000000000000000e+03 1.462000000000000000e+03 1.602000000000000000e+03
1.271038801519999879e+03 1.421000000000000000e+03 1.568000000000000000e+03 1.426000000000000000e+03 1.556000000000000000e+03 1.438000000000000000e+03 1.576000000000000000e+03
1.271511518669999987e+03 1.434000000000000000e+03 1.567000000000000000e+03 1.429000000000000000e+03 1.541000000000000000e+03 1.440000000000000000e+03 1.566000000000000000e+03
1.271984296079999922e+03 1.411000000000000000e+03 1.528000000000000000e+03 1.419000000000000000e+03 1.512000000000000000e+03 1.419000000000000000e+03 1.548000000000000000e+03
1.272457133749999912e+03 1.444000000000000000e+03 1.548000000000000000e+03 1.447000000000000000e+03 1.539000000000000000e+03 1.451000000000000000e+03 1.566000000000000000e+03
1.272930031679999956e+03 1.412000000000000000e+03 1.505000000000000000e+03 1.413000000000000000e+03 1.502000000000000000e+03 1.424000000000000000e+03 1.516000000000000000e+03
1.273402989870000056e+03 1.437000000000000000e+03 1.536000000000000000e+03 1.445000000000000000e+03 1.516000000000000000e+03 1.452000000000000000e+03 1.539000000000000000e+03
1.273876008319999983e+03 1.431000000000000000e+03 1.513000000000000000e+03 1.434000000000000000e+03 1.504000000000000000e+03 1.434000000000000000e+03 1.528000000000000000e+03
1.274349087029999964e+03 1.423000000000000000e+03 1.501000000000000000e+03 1.439000000000000000e+03 1.493000000000000000e+03 1.429000000000000000e+03 1.502000000000000000e+03
1.274822226000000001e+03 1.432000000000000000e+03 1.494000000000000000e+03 1.431000000000000000e+03 1.489000000000000000e+03 1.436000000000000000e+03 1.496000000000000000e+03
1.275295425230000092e+03 1.411000000000000000e+03 1.474000000000000000e+03 1.412000000000000000e+03 1.456000000000000000e+03 1.416000000000000000e+03 1.477000000000000000e+03
1.275768684720000010e+03 1.433000000000000000e+03 1.487000000000000000e+03 1.430000000000000000e+03 1.494000000000000000e+03 1.434000000000000000e+03 1.501000000000000000e+03
1.276242004469999983e+03 1.431000000000000000e+03 1.494000000000000000e+03 1.437000000000000000e+03 1.487000000000000000e+03 1.429000000000000000e+03 1.502000000000000000e+03
1.276715384480000012e+03 1.455000000000000000e+03 1.516000000000000000e+03 1.460000000000000000e+03 1.502000000000000000e+03 1.469000000000000000e+03 1.519000000000000000e+03
1.277188824749999867e+03 1.422000000000000000e+03 1.485000000000000000e+03 1.432000000000000000e+03 1.471000000000000000e+03 1.428000000000000000e+03 1.493000000000000000e+03
1.277662325280000005e+03 1.460000000000000000e+03 1.526000000000000000e+03 1.466000000000000000e+03 1.514000000000000000e+03 1.470000000000000000e+03 1.522000000000000000e+03
1.278135886069999970e+03 1.457000000000000000e+03 1.498000000000000000e+03 1.458000000000000000e+03 1.502000000000000000e+03 1.462000000000000000e+03 1.524000000000000000e+03
1.278609507119999989e+03 1.441000000000000000e+03 1.493000000000000000e+03 1.444000000000000000e+03 1.495000000000000000e+03 1.446000000000000000e+03 1.507000000000000000e+03
1.279083188430000064e+03 1.445000000000000000e+03 1.493000000000000000e+03 1.459000000000000000e+03 1.488000000000000000e+03 1.444000000000000000e+03 1.512000000000000000e+03
1.279556929999999966e+03 1.431000000000000000e+03 1.495000000000000000e+03 1.440000000000000000e+03 1.488000000000000000e+03 1.440000000000000000e+03 1.514000000000000000e+03
1.280030731829999922e+03 1.452000000000000000e+03 1.518000000000000000e+03 1.455000000000000000e+03 1.518000000000000000e+03 1.458000000000000000e+03 1.528000000000000000e+03
1.280504593919999934e+03 1.459000000000000000e+03 1.528000000000000000e+03 1.468000000000000000e+03 1.518000000000000000e+03 1.456000000000000000e+03 1.538000000000000000e+03
1.280978516270000000e+03 1.404000000000000000e+03 1.471000000000000000e+03 1.400000000000000000e+03 1.471000000000000000e+03 1.404000000000000000e+03 1.482000000000000000e+03
1.281452498880000121e+03 1.421000000000000000e+03 1.510000000000000000e+03 1.428000000000000000e+03 1.499000000000000000e+03 1.435000000000000000e+03 1.514000000000000000e+03
1.281926541750000069e+03 1.441000000000000000e+03 1.544000000000000000e+03 1.452000000000000000e+03 1.522000000000000000e+03 1.450000000000000000e+03 1.546000000000000000e+03
1.282400644880000073e+03 1.424000000000000000e+03 1.522000000000000000e+03 1.428000000000000000e+03 1.526000000000000000e+03 1.440000000000000000e+03 1.521000000000000000e+03
1.282874808270000131e+03 1.443000000000000000e+03 1.538000000000000000e+03 1.456000000000000000e+03 1.533000000000000000e+03 1.444000000000000000e+03 1.543000000000000000e+03
1.283349031920000016e+03 1.465000000000000000e+03 1.573000000000000000e+03 1.464000000000000000e+03 1.552000000000000000e+03 1.460000000000000000e+03 1.573000000000000000e+03
1.283823315829999956e+03 1.433000000000000000e+03 1.532000000000000000e+03 1.443000000000000000e+03 1.527000000000000000e+03 1.435000000000000000e+03 1.546000000000000000e+03
1.284297659999999951e+03 1.437000000000000000e+03 1.549000000000000000e+03 1.441000000000000000e+03 1.540000000000000000e+03 1.443000000000000000e+03 1.547000000000000000e+03
1.284772064430000000e+03 1.417000000000000000e+03 1.522000000000000000e+03 1.428000000000000000e+03 1.512000000000000000e+03 1.422000000000000000e+03 1.532000000000000000e+03
1.285246529119999877e+03 1.413000000000000000e+03 1.529000000000000000e+03 1.425000000000000000e+03 1.511000000000000000e+03 1.427000000000000000e+03 1.537000000000000000e+03
1.285721054070000037e+03 1.426000000000000000e+03 1.532000000000000000e+03 1.443000000000000000e+03 1.523000000000000000e+03 1.432000000000000000e+03 1.538000000000000000e+03
1.286195639280000023e+03 1.418000000000000000e+03 1.522000000000000000e+03 1.428000000000000000e+03 1.516000000000000000e+03 1.417000000000000000e+03 1.532000000000000000e+03
1.286670284750000064e+03 1.452000000000000000e+03 1.552000000000000000e+03 1.463000000000000000e+03 1.548000000000000000e+03 1.448000000000000000e+03 1.556000000000000000e+03
1.287144990479999933e+03 1.473000000000000000e+03 1.572000000000000000e+03 1.469000000000000000e+03 1.565000000000000000e+03 1.474000000000000000e+03 1.581000000000000000e+03
1.287619756470000084e+03 1.444000000000000000e+03 1.531000000000000000e+03 1.441000000000000000e+03 1.533000000000000000e+03 1.450000000000000000e+03 1.545000000000000000e+03
1.288094582720000062e+03 1.434000000000000000e+03 1.532000000000000000e+03 1.448000000000000000e+03 1.532000000000000000e+03 1.450000000000000000e+03 1.537000000000000000e+03
1.288569469230000095e+03 1.451000000000000000e+03 1.544000000000000000e+03 1.453000000000000000e+03 1.541000000000000000e+03 1.460000000000000000e+03 1.546000000000000000e+03
1.289044415999999956e+03 1.421000000000000000e+03 1.509000000000000000e+03 1.426000000000000000e+03 1.504000000000000000e+03 1.426000000000000000e+03 1.506000000000000000e+03
1.289519423030000098e+03 1.435000000000000000e+03 1.533000000000000000e+03 1.438000000000000000e+03 1.515000000000000000e+03 1.449000000000000000e+03 1.532000000000000000e+03
1.289994490320000068e+03 1.424000000000000000e+03 1.526000000000000000e+03 1.452000000000000000e+03 1.521000000000000000e+03 1.446000000000000000e+03 1.542000000000000000e+03
1.290469617870000093e+03 1.440000000000000000e+03 1.528000000000000000e+03 1.439000000000000000e+03 1.521000000000000000e+03 1.442000000000000000e+03 1.525000000000000000e+03
1.290944805679999945e+03 1.426000000000000000e+03 1.514000000000000000e+03 1.427000000000000000e+03 1.501000000000000000e+03 1.424000000000000000e+03 1.529000000000000000e+03
1.291420053750000079e+03 1.427000000000000000e+03 1.517000000000000000e+03 1.430000000000000000e+03 1.517000000000000000e+03 1.438000000000000000e+03 1.533000000000000000e+03
1.291895362080000041e+03 1.412000000000000000e+03 1.520000000000000000e+03 1.430000000000000000e+03 1.512000000000000000e+03 1.429000000000000000e+03 1.533000000000000000e+03
1.292370730670000057e+03 1.414000000000000000e+03 1.507000000000000000e+03 1.423000000000000000e+03 1.499000000000000000e+03 1.413000000000000000e+03 1.516000000000000000e+03
1.292846159519999901e+03 1.415000000000000000e+03 1.502000000000000000e+03 1.417000000000000000e+03 1.501000000000000000e+03 1.410000000000000000e+03 1.505000000000000000e+03
1.293321648630000027e+03 1.434000000000000000e+03 1.525000000000000000e+03 1.442000000000000000e+03 1.527000000000000000e+03 1.441000000000000000e+03 1.523000000000000000e+03
1.293797197999999980e+03 1.413000000000000000e+03 1.506000000000000000e+03 1.414000000000000000e+03 1.494000000000000000e+03 1.413000000000000000e+03 1.514000000000000000e+03
1.294272807629999988e+03 1.435000000000000000e+03 1.526000000000000000e+03 1.441000000000000000e+03 1.522000000000000000e+03 1.435000000000000000e+03 1.540000000000000000e+03
1.294748477520000051e+03 1.427000000000000000e+03 1.521000000000000000e+03 1.434000000000000000e+03 1.510000000000000000e+03 1.441000000000000000e+03 1.538000000000000000e+03
1.295224207669999942e+03 1.442000000000000000e+03 1.539000000000000000e+03 1.444000000000000000e+03 1.537000000000000000e+03 1.448000000000000000e+03 1.553000000000000000e+03
1.295699998079999887e+03 1.449000000000000000e+03 1.546000000000000000e+03 1.456000000000000000e+03 1.523000000000000000e+03 1.465000000000000000e+03 1.555000000000000000e+03
1.296175848750000114e+03 1.450000000000000000e+03 1.543000000000000000e+03 1.461000000000000000e+03 1.532000000000000000e+03 1.451000000000000000e+03 1.546000000000000000e+03
1.296651759679999941e+03 1.446000000000000000e+03 1.538000000000000000e+03 1.454000000000000000e+03 1.534000000000000000e+03 1.442000000000000000e+03 1.542000000000000000e+03
1.297127730870000050e+03 1.399000000000000000e+03 1.490000000000000000e+03 1.402000000000000000e+03 1.488000000000000000e+03 1.406000000000000000e+03 1.495000000000000000e+03
1.297603762319999987e+03 1.452000000000000000e+03 1.536000000000000000e+03 1.457000000000000000e+03 1.522000000000000000e+03 1.444000000000000000e+03 1.538000000000000000e+03
1.298079854029999979e+03 1.454000000000000000e+03 1.522000000000000000e+03 1.449000000000000000e+03 1.523000000000000000e+03 1.444000000000000000e+03 1.540000000000000000e+03
1.298556006000000025e+03 1.423000000000000000e+03 1.518000000000000000e+03 1.428000000000000000e+03 1.503000000000000000e+03 1.425000000000000000e+03 1.517000000000000000e+03
1.299032218230000126e+03 1.415000000000000000e+03 1.497000000000000000e+03 1.416000000000000000e+03 1.490000000000000000e+03 1.413000000000000000e+03 1.510000000000000000e+03
1.299508490719999827e+03 1.416000000000000000e+03 1.506000000000000000e+03 1.418000000000000000e+03 1.487000000000000000e+03 1.430000000000000000e+03 1.514000000000000000e+03
1.299984823470000038e+03 1.438000000000000000e+03 1.535000000000000000e+03 1.465000000000000000e+03 1.529000000000000000e+03 1.456000000000000000e+03 1.542000000000000000e+03
1.300461216479999848e+03 1.423000000000000000e+03 1.507000000000000000e+03 1.428000000000000000e+03 1.495000000000000000e+03 1.438000000000000000e+03 1.517000000000000000e+03
1.300937669749999941e+03 1.436000000000000000e+03 1.536000000000000000e+03 1.446000000000000000e+03 1.531000000000000000e+03 1.452000000000000000e+03 1.532000000000000000e+03
1.301414183279999861e+03 1.425000000000000000e+03 1.511000000000000000e+03 1.428000000000000000e+03 1.511000000000000000e+03 1.435000000000000000e+03 1.518000000000000000e+03
1.301890757070000063e+03 1.437000000000000000e+03 1.536000000000000000e+03 1.452000000000000000e+03 1.523000000000000000e+03 1.447000000000000000e+03 1.532000000000000000e+03
1.302367391120000093e+03 1.440000000000000000e+03 1.522000000000000000e+03 1.450000000000000000e+03 1.523000000000000000e+03 1.447000000000000000e+03 1.531000000000000000e+03
1.302844085429999950e+03 1.443000000000000000e+03 1.524000000000000000e+03 1.453000000000000000e+03 1.513000000000000000e+03 1.444000000000000000e+03 1.527000000000000000e+03
1.303320840000000089e+03 1.435000000000000000e+03 1.519000000000000000e+03 1.438000000000000000e+03 1.518000000000000000e+03 1.448000000000000000e+03 1.528000000000000000e+03
1.303797654830000056e+03 1.448000000000000000e+03 1.529000000000000000e+03 1.458000000000000000e+03 1.522000000000000000e+03 1.462000000000000000e+03 1.550000000000000000e+03
1.304274529920000077e+03 1.424000000000000000e+03 1.506000000000000000e+03 1.425000000000000000e+03 1.495000000000000000e+03 1.420000000000000000e+03 1.512000000000000000e+03
1.304751465269999926e+03 1.447000000000000000e+03 1.531000000000000000e+03 1.447000000000000000e+03 1.523000000000000000e+03 1.457000000000000000e+03 1.537000000000000000e+03
1.305228460880000057e+03 1.441000000000000000e+03 1.510000000000000000e+03 1.444000000000000000e+03 1.526000000000000000e+03 1.441000000000000000e+03 1.524000000000000000e+03
1.305705516750000015e+03 1.451000000000000000e+03 1.539000000000000000e+03 1.466000000000000000e+03 1.530000000000000000e+03 1.468000000000000000e+03 1.542000000000000000e+03
1.306182632880000028e+03 1.447000000000000000e+03 1.529000000000000000e+03 1.455000000000000000e+03 1.530000000000000000e+03 1.460000000000000000e+03 1.541000000000000000e+03
1.306659809270000096e+03 1.459000000000000000e+03 1.542000000000000000e+03 1.456000000000000000e+03 1.538000000000000000e+03 1.456000000000000000e+03 1.536000000000000000e+03
1.307137045919999991e+03 1.459000000000000000e+03 1.536000000000000000e+03 1.445000000000000000e+03 1.534000000000000000e+03 1.465000000000000000e+03 1.539000000000000000e+03
1.307614342829999941e+03 1.436000000000000000e+03 1.523000000000000000e+03 1.438000000000000000e+03 1.515000000000000000e+03 1.434000000000000000e+03 1.513000000000000000e+03
1.308091699999999946e+03 1.458000000000000000e+03 1.534000000000000000e+03 1.460000000000000000e+03 1.527000000000000000e+03 1.456000000000000000e+03 1.542000000000000000e+03
1.308569117430000006e+03 1.441000000000000000e+03 1.526000000000000000e+03 1.445000000000000000e+03 1.513000000000000000e+03 1.440000000000000000e+03 1.528000000000000000e+03
1.309046595119999893e+03 1.421000000000000000e+03 1.509000000000000000e+03 1.418000000000000000e+03 1.503000000000000000e+03 1.425000000000000000e+03 1.505000000000000000e+03
1.309524133070000062e+03 1.442000000000000000e+03 1.523000000000000000e+03 1.441000000000000000e+03 1.519000000000000000e+03 1.445000000000000000e+03 1.533000000000000000e+03
1.310001731280000058e+03 1.436000000000000000e+03 1.525000000000000000e+03 1.441000000000000000e+03 1.510000000000000000e+03 1.442000000000000000e+03 1.513000000000000000e+03
1.310479389749999882e+03 1.428000000000000000e+03 1.517000000000000000e+03 1.433000000000000000e+03 1.494000000000000000e+03 1.438000000000000000e+03 1.518000000000000000e+03
1.310957108479999988e+03 1.438000000000000000e+03 1.522000000000000000e+03 1.437000000000000000e+03 1.513000000000000000e+03 1.453000000000000000e+03 1.522000000000000000e+03
1.311434887469999921e+03 1.471000000000000000e+03 1.548000000000000000e+03 1.475000000000000000e+03 1.544000000000000000e+03 1.467000000000000000e+03 1.549000000000000000e+03
1.311912726719999910e+03 1.435000000000000000e+03 1.518000000000000000e+03 1.437000000000000000e+03 1.515000000000000000e+03 1.436000000000000000e+03 1.521000000000000000e+03
1.312390626229999953e+03 1.419000000000000000e+03 1.498000000000000000e+03 1.429000000000000000e+03 1.499000000000000000e+03 1.437000000000000000e+03 1.514000000000000000e+03
1.312868586000000050e+03 1.445000000000000000e+03 1.533000000000000000e+03 1.445000000000000000e+03 1.524000000000000000e+03 1.455000000000000000e+03 1.534000000000000000e+03
1.313346606029999975e+03 1.447000000000000000e+03 1.524000000000000000e+03 1.457000000000000000e+03 1.514000000000000000e+03 1.462000000000000000e+03 1.531000000000000000e+03
1.313824686319999955e+03 1.491000000000000000e+03 1.565000000000000000e+03 1.506000000000000000e+03 1.571000000000000000e+03 1.485000000000000000e+03 1.581000000000000000e+03
1.314302826869999990e+03 1.450000000000000000e+03 1.526000000000000000e+03 1.466000000000000000e+03 1.520000000000000000e+03 1.457000000000000000e+03 1.541000000000000000e+03
1.314781027680000079e+03 1.467000000000000000e+03 1.544000000000000000e+03 1.468000000000000000e+03 1.535000000000000000e+03 1.470000000000000000e+03 1.534000000000000000e+03
1.315259288749999996e+03 1.463000000000000000e+03 1.538000000000000000e+03 1.462000000000000000e+03 1.533000000000000000e+03 1.465000000000000000e+03 1.537000000000000000e+03
1.315737610079999968e+03 1.440000000000000000e+03 1.510000000000000000e+03 1.435000000000000000e+03 1.507000000000000000e+03 1.446000000000000000e+03 1.527000000000000000e+03
1.316215991669999994e+03 1.452000000000000000e+03 1.529000000000000000e+03 1.453000000000000000e+03 1.523000000000000000e+03 1.469000000000000000e+03 1.555000000000000000e+03
1.316694433520000075e+03 1.453000000000000000e+03 1.543000000000000000e+03 1.461000000000000000e+03 1.538000000000000000e+03 1.471000000000000000e+03 1.545000000000000000e+03
1.317172935629999984e+03 1.465000000000000000e+03 1.526000000000000000e+03 1.466000000000000000e+03 1.527000000000000000e+03 1.475000000000000000e+03 1.550000000000000000e+03
1.317651497999999947e+03 1.451000000000000000e+03 1.526000000000000000e+03 1.458000000000000000e+03 1.526000000000000000e+03 1.460000000000000000e+03 1.540000000000000000e+03
1.318130120629999965e+03 1.452000000000000000e+03 1.529000000000000000e+03 1.457000000000000000e+03 1.521000000000000000e+03 1.453000000000000000e+03 1.540000000000000000e+03
1.318608803520000038e+03 1.514000000000000000e+03 1.581000000000000000e+03 1.510000000000000000e+03 1.576000000000000000e+03 1.508000000000000000e+03 1.593000000000000000e+03
1.319087546669999938e+03 1.451000000000000000e+03 1.533000000000000000e+03 1.465000000000000000e+03 1.525000000000000000e+03 1.463000000000000000e+03 1.539000000000000000e+03
1.319566350079999893e+03 1.466000000000000000e+03 1.541000000000000000e+03 1.461000000000000000e+03 1.530000000000000000e+03 1.464000000000000000e+03 1.557000000000000000e+03
1.320045213749999903e+03 1.450000000000000000e+03 1.524000000000000000e+03 1.458000000000000000e+03 1.519000000000000000e+03 1.463000000000000000e+03 1.538000000000000000e+03
1.320524137679999967e+03 1.447000000000000000e+03 1.513000000000000000e+03 1.447000000000000000e+03 1.514000000000000000e+03 1.451000000000000000e+03 1.526000000000000000e+03
1.321003121870000086e+03 1.459000000000000000e+03 1.538000000000000000e+03 1.461000000000000000e+03 1.533000000000000000e+03 1.460000000000000000e+03 1.531000000000000000e+03
1.321482166320000033e+03 1.461000000000000000e+03 1.532000000000000000e+03 1.468000000000000000e+03 1.533000000000000000e+03 1.467000000000000000e+03 1.548000000000000000e+03
1.321961271030000034e+03 1.459000000000000000e+03 1.543000000000000000e+03 1.459000000000000000e+03 1.541000000000000000e+03 1.452000000000000000e+03 1.549000000000000000e+03
1.322440436000000091e+03 1.462000000000000000e+03 1.546000000000000000e+03 1.470000000000000000e+03 1.544000000000000000e+03 1.465000000000000000e+03 1.547000000000000000e+03
1.322919661229999974e+03 1.443000000000000000e+03 1.543000000000000000e+03 1.443000000000000000e+03 1.518000000000000000e+03 1.453000000000000000e+03 1.541000000000000000e+03
1.323398946719999913e+03 1.472000000000000000e+03 1.555000000000000000e+03 1.470000000000000000e+03 1.542000000000000000e+03 1.467000000000000000e+03 1.560000000000000000e+03
1.323878292469999906e+03 1.467000000000000000e+03 1.552000000000000000e+03 1.465000000000000000e+03 1.546000000000000000e+03 1.471000000000000000e+03 1.559000000000000000e+03
1.324357698479999954e+03 1.453000000000000000e+03 1.540000000000000000e+03 1.465000000000000000e+03 1.540000000000000000e+03 1.454000000000000000e+03 1.551000000000000000e+03
1.324837164750000056e+03 1.455000000000000000e+03 1.555000000000000000e+03 1.462000000000000000e+03 1.544000000000000000e+03 1.468000000000000000e+03 1.558000000000000000e+03
1.325316691279999986e+03 1.459000000000000000e+03 1.552000000000000000e+03 1.467000000000000000e+03 1.542000000000000000e+03 1.459000000000000000e+03 1.552000000000000000e+03
1.325796278069999971e+03 1.467000000000000000e+03 1.564000000000000000e+03 1.481000000000000000e+03 1.546000000000000000e+03 1.481000000000000000e+03 1.568000000000000000e+03
1.326275925120000011e+03 1.449000000000000000e+03 1.537000000000000000e+03 1.450000000000000000e+03 1.522000000000000000e+03 1.449000000000000000e+03 1.543000000000000000e+03
1.326755632430000105e+03 1.459000000000000000e+03 1.563000000000000000e+03 1.470000000000000000e+03 1.545000000000000000e+03 1.472000000000000000e+03 1.569000000000000000e+03
1.327235400000000027e+03 1.447000000000000000e+03 1.543000000000000000e+03 1.452000000000000000e+03 1.529000000000000000e+03 1.451000000000000000e+03 1.556000000000000000e+03
1.327715227830000003e+03 1.443000000000000000e+03 1.538000000000000000e+03 1.451000000000000000e+03 1.525000000000000000e+03 1.443000000000000000e+03 1.537000000000000000e+03
1.328195115920000035e+03 1.453000000000000000e+03 1.552000000000000000e+03 1.458000000000000000e+03 1.526000000000000000e+03 1.459000000000000000e+03 1.555000000000000000e+03
1.328675064270000121e+03 1.470000000000000000e+03 1.563000000000000000e+03 1.478000000000000000e+03 1.552000000000000000e+03 1.469000000000000000e+03 1.571000000000000000e+03
1.329155072880000034e+03 1.461000000000000000e+03 1.561000000000000000e+03 1.467000000000000000e+03 1.544000000000000000e+03 1.469000000000000000e+03 1.560000000000000000e+03
1.329635141750000003e+03 1.467000000000000000e+03 1.568000000000000000e+03 1.478000000000000000e+03 1.559000000000000000e+03 1.475000000000000000e+03 1.573000000000000000e+03
1.330115270880000025e+03 1.451000000000000000e+03 1.537000000000000000e+03 1.448000000000000000e+03 1.538000000000000000e+03 1.451000000000000000e+03 1.539000000000000000e+03
1.330595460270000103e+03 1.454000000000000000e+03 1.552000000000000000e+03 1.447000000000000000e+03 1.535000000000000000e+03 1.459000000000000000e+03 1.558000000000000000e+03
1.331075709920000008e+03 1.435000000000000000e+03 1.534000000000000000e+03 1.434000000000000000e+03 1.527000000000000000e+03 1.435000000000000000e+03 1.543000000000000000e+03
1.331556019829999968e+03 1.460000000000000000e+03 1.553000000000000000e+03 1.462000000000000000e+03 1.542000000000000000e+03 1.474000000000000000e+03 1.562000000000000000e+03
1.332036389999999983e+03 1.463000000000000000e+03 1.567000000000000000e+03 1.466000000000000000e+03 1.569000000000000000e+03 1.468000000000000000e+03 1.573000000000000000e+03
1.332516820430000053e+03 1.451000000000000000e+03 1.560000000000000000e+03 1.460000000000000000e+03 1.550000000000000000e+03 1.459000000000000000e+03 1.580000000000000000e+03
1.332997311119999949e+03 1.455000000000000000e+03 1.567000000000000000e+03 1.456000000000000000e+03 1.552000000000000000e+03 1.466000000000000000e+03 1.575000000000000000e+03
1.333477862069999901e+03 1.447000000000000000e+03 1.553000000000000000e+03 1.450000000000000000e+03 1.558000000000000000e+03 1.452000000000000000e+03 1.565000000000000000e+03
1.333958473279999907e+03 1.463000000000000000e+03 1.576000000000000000e+03 1.475000000000000000e+03 1.567000000000000000e+03 1.477000000000000000e+03 1.588000000000000000e+03
1.334439144749999969e+03 1.447000000000000000e+03 1.574000000000000000e+03 1.463000000000000000e+03 1.561000000000000000e+03 1.465000000000000000e+03 1.580000000000000000e+03
1.334919876480000084e+03 1.456000000000000000e+03 1.569000000000000000e+03 1.454000000000000000e+03 1.562000000000000000e+03 1.467000000000000000e+03 1.585000000000000000e+03
1.335400668470000028e+03 1.438000000000000000e+03 1.556000000000000000e+03 1.441000000000000000e+03 1.545000000000000000e+03 1.443000000000000000e+03 1.566000000000000000e+03
1.335881520720000026e+03 1.460000000000000000e+03 1.585000000000000000e+03 1.466000000000000000e+03 1.562000000000000000e+03 1.462000000000000000e+03 1.589000000000000000e+03
1.336362433230000079e+03 1.462000000000000000e+03 1.581000000000000000e+03 1.470000000000000000e+03 1.569000000000000000e+03 1.469000000000000000e+03 1.588000000000000000e+03
1.336843405999999959e+03 1.472000000000000000e+03 1.584000000000000000e+03 1.468000000000000000e+03 1.582000000000000000e+03 1.471000000000000000e+03 1.598000000000000000e+03
1.337324439030000121e+03 1.464000000000000000e+03 1.590000000000000000e+03 1.476000000000000000e+03 1.582000000000000000e+03 1.479000000000000000e+03 1.592000000000000000e+03
1.337805532320000111e+03 1.467000000000000000e+03 1.587000000000000000e+03 1.466000000000000000e+03 1.576000000000000000e+03 1.468000000000000000e+03 1.581000000000000000e+03
1.338286685870000156e+03 1.442000000000000000e+03 1.569000000000000000e+03 1.451000000000000000e+03 1.551000000000000000e+03 1.444000000000000000e+03 1.579000000000000000e+03
1.338767899680000028e+03 1.461000000000000000e+03 1.589000000000000000e+03 1.472000000000000000e+03 1.576000000000000000e+03 1.470000000000000000e+03 1.588000000000000000e+03
1.339249173749999954e+03 1.443000000000000000e+03 1.573000000000000000e+03 1.453000000000000000e+03 1.559000000000000000e+03 1.462000000000000000e+03 1.578000000000000000e+03
1.339730508079999936e+03 1.441000000000000000e+03 1.570000000000000000e+03 1.439000000000000000e+03 1.552000000000000000e+03 1.446000000000000000e+03 1.562000000000000000e+03
1.340211902669999972e+03 1.468000000000000000e+03 1.593000000000000000e+03 1.472000000000000000e+03 1.573000000000000000e+03 1.474000000000000000e+03 1.599000000000000000e+03
1.340693357520000063e+03 1.485000000000000000e+03 1.603000000000000000e+03 1.489000000000000000e+03 1.590000000000000000e+03 1.495000000000000000e+03 1.617000000000000000e+03
1.341174872629999982e+03 1.442000000000000000e+03 1.565000000000000000e+03 1.451000000000000000e+03 1.561000000000000000e+03 1.452000000000000000e+03 1.572000000000000000e+03
1.341656447999999955e+03 1.440000000000000000e+03 1.539000000000000000e+03 1.441000000000000000e+03 1.549000000000000000e+03 1.442000000000000000e+03 1.564000000000000000e+03
1.342138083629999983e+03 1.477000000000000000e+03 1.590000000000000000e+03 1.473000000000000000e+03 1.583000000000000000e+03 1.466000000000000000e+03 1.601000000000000000e+03
1.342619779520000066e+03 1.444000000000000000e+03 1.561000000000000000e+03 1.466000000000000000e+03 1.562000000000000000e+03 1.452000000000000000e+03 1.571000000000000000e+03
1.343101535669999976e+03 1.440000000000000000e+03 1.556000000000000000e+03 1.446000000000000000e+03 1.546000000000000000e+03 1.453000000000000000e+03 1.572000000000000000e+03
1.343583352079999941e+03 1.431000000000000000e+03 1.556000000000000000e+03 1.449000000000000000e+03 1.536000000000000000e+03 1.437000000000000000e+03 1.567000000000000000e+03
1.344065228749999960e+03 1.482000000000000000e+03 1.595000000000000000e+03 1.484000000000000000e+03 1.595000000000000000e+03 1.497000000000000000e+03 1.607000000000000000e+03
1.344547165680000035e+03 1.435000000000000000e+03 1.554000000000000000e+03 1.438000000000000000e+03 1.533000000000000000e+03 1.436000000000000000e+03 1.563000000000000000e+03
1.345029162869999936e+03 1.448000000000000000e+03 1.569000000000000000e+03 1.456000000000000000e+03 1.552000000000000000e+03 1.475000000000000000e+03 1.580000000000000000e+03
1.345511220320000120e+03 1.474000000000000000e+03 1.575000000000000000e+03 1.465000000000000000e+03 1.565000000000000000e+03 1.467000000000000000e+03 1.581000000000000000e+03
1.345993338030000132e+03 1.462000000000000000e+03 1.568000000000000000e+03 1.446000000000000000e+03 1.560000000000000000e+03 1.458000000000000000e+03 1.567000000000000000e+03
1.346475515999999971e+03 1.446000000000000000e+03 1.560000000000000000e+03 1.456000000000000000e+03 1.555000000000000000e+03 1.456000000000000000e+03 1.571000000000000000e+03
1.346957754229999864e+03 1.474000000000000000e+03 1.567000000000000000e+03 1.471000000000000000e+03 1.572000000000000000e+03 1.485000000000000000e+03 1.597000000000000000e+03
1.347440052720000040e+03 1.486000000000000000e+03 1.598000000000000000e+03 1.494000000000000000e+03 1.576000000000000000e+03 1.487000000000000000e+03 1.602000000000000000e+03
1.347922411470000043e+03 1.446000000000000000e+03 1.552000000000000000e+03 1.456000000000000000e+03 1.557000000000000000e+03 1.455000000000000000e+03 1.563000000000000000e+03
1.348404830479999873e+03 1.481000000000000000e+03 1.602000000000000000e+03 1.485000000000000000e+03 1.586000000000000000e+03 1.492000000000000000e+03 1.603000000000000000e+03
1.348887309749999986e+03 1.499000000000000000e+03 1.624000000000000000e+03 1.504000000000000000e+03 1.614000000000000000e+03 1.509000000000000000e+03 1.632000000000000000e+03
1.349369849279999926e+03 2.600000000000000000e+02 2.550000000000000000e+02 2.580000000000000000e+02 2.700000000000000000e+02 2.650000000000000000e+02 2.670000000000000000e+02
1.349852449069999921e+03 2.640000000000000000e+02 2.720000000000000000e+02 2.750000000000000000e+02 2.730000000000000000e+02 2.730000000000000000e+02 2.800000000000000000e+02
